
added 229 packages, and audited 230 packages in 7s

49 packages are looking for funding
  run `npm fund` for details

found 0 vulnerabilities

> @traceless/web@0.1.0 generate:api
> swagger-typescript-api generate -p openapi.json -o src/generated/traceless-api -n contracts.ts --no-client --enum-style union --sort-types --clean-output --silent


> @traceless/web@0.1.0 test
> vitest run --run


[1m[30m[46m RUN [49m[39m[22m [36mv4.1.10 [39m[90m/home/runner/work/traceless/traceless/apps/web[39m

 [32m✓[39m src/api.test.ts [2m([22m[2m10 tests[22m[2m)[22m[32m 25[2mms[22m[39m
 [32m✓[39m src/components/OperationalArchitectureEditor.test.tsx [2m([22m[2m3 tests[22m[2m)[22m[33m 1721[2mms[22m[39m
   [33m[2m✓[22m[39m preserves a dirty first-manual draft on its selected observed base when a scan arrives [33m 638[2mms[22m[39m
   [33m[2m✓[22m[39m persists analyst-verified exposure, reachability and controls in a new version [33m 887[2mms[22m[39m
 [32m✓[39m src/App.test.tsx [2m([22m[2m5 tests[22m[2m)[22m[33m 641[2mms[22m[39m
 [32m✓[39m src/auth.test.ts [2m([22m[2m5 tests[22m[2m)[22m[32m 19[2mms[22m[39m
 [31m❯[39m src/components/OperationalWorkspace.test.tsx [2m([22m[2m32 tests[22m[2m | [22m[31m3 failed[39m[2m)[22m[33m 11990[2mms[22m[39m
     [33m[2m✓[22m[39m loads operational data and supports asset and architecture drill-down [33m 1078[2mms[22m[39m
     [33m[2m✓[22m[39m moves a newly created system into a fresh fenced system context [33m 1015[2mms[22m[39m
     [32m✓[39m loads services for the selected asset instead of trusting the truncated overview[32m 179[2mms[22m[39m
     [32m✓[39m pages assets and selects the first asset on the requested page[32m 261[2mms[22m[39m
     [32m✓[39m pages threat summaries and loads large threat detail only when expanded[32m 290[2mms[22m[39m
     [32m✓[39m does not claim that API data loaded when the initial request fails[32m 17[2mms[22m[39m
     [33m[2m✓[22m[39m creates an exact authorization before queueing or importing Nmap data [33m 1178[2mms[22m[39m
     [33m[2m✓[22m[39m starts with no scan target and clears system-scoped forms and files on system change [33m 970[2mms[22m[39m
     [32m✓[39m does not apply a late operational refresh after the selected system changes[32m 121[2mms[22m[39m
     [33m[2m✓[22m[39m draws a component, saves a new architecture version and imports Nessus evidence [33m 776[2mms[22m[39m
     [32m✓[39m reuses the upload idempotency key after a failed enqueue[32m 167[2mms[22m[39m
     [33m[2m✓[22m[39m supports undo and redo and warns before discarding unsaved architecture changes [33m 455[2mms[22m[39m
     [33m[2m✓[22m[39m keeps the architecture dirty when saving fails [33m 384[2mms[22m[39m
     [33m[2m✓[22m[39m does not create and auto-switch project or system while dirty discard is rejected [33m 853[2mms[22m[39m
     [32m✓[39m keeps the manual layer editable when a newer observed topology exists[32m 203[2mms[22m[39m
     [32m✓[39m shows non-CVE findings and lets an analyst document lifecycle decisions[32m 257[2mms[22m[39m
     [32m✓[39m hides mutation controls for a read-only viewer[32m 174[2mms[22m[39m
     [32m✓[39m shows only system-scoped jobs and lets an analyst cancel active work[32m 177[2mms[22m[39m
     [32m✓[39m does not show job cancellation to a viewer[32m 55[2mms[22m[39m
     [32m✓[39m ignores a completed job response after switching systems[32m 215[2mms[22m[39m
     [32m✓[39m does not expose intelligence ingestion to a scanner-only principal[32m 79[2mms[22m[39m
     [32m✓[39m uses server totals and pages high-cardinality findings[32m 195[2mms[22m[39m
[31m     [31m×[31m syncs configured intelligence and creates a checksummed report download[39m[33m 330[2mms[22m[39m
     [32m✓[39m surfaces report marking and prevents download of a withdrawn snapshot[32m 139[2mms[22m[39m
[31m     [31m×[31m refreshes a completed job exactly once before publishing terminal state[39m[32m 224[2mms[22m[39m
[31m     [31m×[31m creates a fresh idempotency key for each intentional report request[39m[32m 261[2mms[22m[39m
     [32m✓[39m shows global intelligence separately and correlates it on demand[32m 239[2mms[22m[39m
     [33m[2m✓[22m[39m configures and synchronizes the tenant connector and exposes the analyst review queue [33m 558[2mms[22m[39m
     [32m✓[39m does not request organization-wide intelligence for a resource-scoped analyst[32m 164[2mms[22m[39m
     [32m✓[39m follows closure correlation jobs returned when an intelligence record is rejected[32m 274[2mms[22m[39m
     [33m[2m✓[22m[39m pages global intelligence and resets to the first page for a new search [33m 515[2mms[22m[39m
     [32m✓[39m ignores a stale intelligence page when the selected system changes[32m 182[2mms[22m[39m

[31m⎯⎯⎯⎯⎯⎯⎯[39m[1m[41m Failed Tests 3 [49m[22m[31m⎯⎯⎯⎯⎯⎯⎯[39m

[41m[1m FAIL [22m[49m src/components/OperationalWorkspace.test.tsx[2m > [22mOperationalWorkspace[2m > [22msyncs configured intelligence and creates a checksummed report download
[31m[1mTestingLibraryElementError[22m[39m: Unable to find an accessible element with the role "button" and name "Köa rapport"

Here are the accessible roles:

  main:

  Name "":
  [36m<main[39m
    [33mclass[39m=[32m"op-workspace"[39m
  [36m/>[39m

  --------------------------------------------------
  banner:

  Name "":
  [36m<header[39m
    [33mclass[39m=[32m"op-heading"[39m
  [36m/>[39m

  Name "":
  [36m<header />[39m

  Name "":
  [36m<header />[39m

  Name "":
  [36m<header />[39m

  Name "":
  [36m<header />[39m

  Name "":
  [36m<header[39m
    [33mclass[39m=[32m"op-section-heading"[39m
  [36m/>[39m

  Name "":
  [36m<header[39m
    [33mclass[39m=[32m"op-section-heading"[39m
  [36m/>[39m

  --------------------------------------------------
  heading:

  Name "Säkerhetsöversikt":
  [36m<h1 />[39m

  Name "Payment API":
  [36m<h2 />[39m

  Name "Tidsbegränsad skanningsauktorisering":
  [36m<h2 />[39m

  Name "Skanning eller säker import":
  [36m<h2 />[39m

  Name "Synkronisera hot- och exploateringsdata":
  [36m<h2 />[39m

  Name "Skapa fryst rapportunderlag":
  [36m<h2 />[39m

  Name "Bakgrundsjobb för valt system":
  [36m<h2 />[39m

  Name "Skanningar":
  [36m<h2 />[39m

  Name "Slutförd":
  [36m<h3 />[39m

  --------------------------------------------------
  paragraph:

  Name "":
  [36m<p />[39m

  Name "":
  [36m<p />[39m

  Name "":
  [36m<p />[39m

  Name "":
  [36m<p[39m
    [33mclass[39m=[32m"op-caveat"[39m
  [36m/>[39m

  Name "":
  [36m<p[39m
    [33mclass[39m=[32m"op-caveat"[39m
  [36m/>[39m

  Name "":
  [36m<p />[39m

  --------------------------------------------------
  button:

  Name "Uppdatera":
  [36m<button[39m
    [33mclass[39m=[32m"secondary-button"[39m
  [36m/>[39m

  Name "Skapa projekt":
  [36m<button[39m
    [33mclass[39m=[32m"secondary-button"[39m
  [36m/>[39m

  Name "Skapa system":
  [36m<button[39m
    [33mclass[39m=[32m"secondary-button"[39m
  [36m/>[39m

  Name "Skapa auktorisering":
  [36m<button[39m
    [33mclass[39m=[32m"primary-button"[39m
    [33mdisabled[39m=[32m""[39m
  [36m/>[39m

  Name "Köa extern Nmap-worker":
  [36m<button[39m
    [33mclass[39m=[32m"primary-button"[39m
    [33mdisabled[39m=[32m""[39m
  [36m/>[39m

  Name "Validera och importera XML":
  [36m<button[39m
    [33mclass[39m=[32m"secondary-button"[39m
    [33mdisabled[39m=[32m""[39m
  [36m/>[39m

  Name "NetBox inventory Read-only, ogranskat källsnapshot":
  [36m<button />[39m

  Name "NVD CVE 2.0 CPE-träff skapar endast kandidater":
  [36m<button />[39m

  Name "CISA KEV Katalogmedlemskap, inte poäng":
  [36m<button />[39m

  Name "FIRST EPSS Sannolikhet, inte verifierad exploatering":
  [36m<button />[39m

  Name "Intern hotfeed Kräver serverkonfigurerad källa":
  [36m<button />[39m

  Name "Markera alla":
  [36m<button[39m
    [33mclass[39m=[32m"secondary-button"[39m
    [33mtype[39m=[32m"button"[39m
  [36m/>[39m

  Name "Återställ profil":
  [36m<button[39m
    [33mclass[39m=[32m"secondary-button"[39m
    [33mtype[39m=[32m"button"[39m
  [36m/>[39m

  Name "Avmarkera alla":
  [36m<button[39m
    [33mclass[39m=[32m"secondary-button"[39m
    [33mtype[39m=[32m"button"[39m
  [36m/>[39m

  Name "Köa rapport (3 delar)":
  [36m<button[39m
    [33mclass[39m=[32m"primary-button"[39m
  [36m/>[39m

  Name "Importerad Nmap XML17 juli 2026 12:00 · Slutförd":
  [36m<button[39m
    [33mclass[39m=[32m"is-selected"[39m
  [36m/>[39m

  --------------------------------------------------
  note:

  Name "":
  [36m<div[39m
    [33mclass[39m=[32m"op-safety-banner"[39m
    [33mrole[39m=[32m"note"[39m
  [36m/>[39m

  --------------------------------------------------
  strong:

  Name "":
  [36m<strong />[39m

  Name "":
  [36m<strong />[39m

  Name "":
  [36m<strong />[39m

  Name "":
  [36m<strong />[39m

  Name "":
  [36m<strong />[39m

  Name "":
  [36m<strong />[39m

  Name "":
  [36m<strong />[39m

  Name "":
  [36m<strong />[39m

  Name "":
  [36m<strong />[39m

  Name "":
  [36m<strong />[39m

  Name "":
  [36m<strong />[39m

  Name "":
  [36m<strong />[39m

  Name "":
  [36m<strong />[39m

  Name "":
  [36m<strong />[39m

  Name "":
  [36m<strong />[39m

  Name "":
  [36m<strong />[39m

  Name "":
  [36m<strong />[39m

  Name "":
  [36m<strong />[39m

  Name "":
  [36m<strong />[39m

  Name "":
  [36m<strong />[39m

  Name "":
  [36m<strong />[39m

  Name "":
  [36m<strong />[39m

  Name "":
  [36m<strong />[39m

  Name "":
  [36m<strong />[39m

  Name "":
  [36m<strong />[39m

  Name "":
  [36m<strong />[39m

  --------------------------------------------------
  region:

  Name "Projekt och system":
  [36m<section[39m
    [33maria-label[39m=[32m"Projekt och system"[39m
    [33mclass[39m=[32m"op-context panel"[39m
  [36m/>[39m

  Name "Operativ sammanfattning":
  [36m<section[39m
    [33maria-label[39m=[32m"Operativ sammanfattning"[39m
    [33mclass[39m=[32m"op-metrics"[39m
  [36m/>[39m

  Name "Analyskedja":
  [36m<section[39m
    [33maria-label[39m=[32m"Analyskedja"[39m
    [33mclass[39m=[32m"op-pipeline panel"[39m
  [36m/>[39m

  Name "Bakgrundsjobb":
  [36m<section[39m
    [33maria-label[39m=[32m"Bakgrundsjobb"[39m
    [33mclass[39m=[32m"panel op-import-history"[39m
  [36m/>[39m

  --------------------------------------------------
  combobox:

  Name "Valt projekt":
  [36m<select[39m
    [33maria-label[39m=[32m"Valt projekt"[39m
  [36m/>[39m

  Name "Valt system":
  [36m<select[39m
    [33maria-label[39m=[32m"Valt system"[39m
  [36m/>[39m

  Name "Kritikalitet":
  [36m<select />[39m

  Name "Fast profil":
  [36m<select />[39m

  Name "Rapporttyp":
  [36m<select />[39m

  Name "Format":
  [36m<select />[39m

  --------------------------------------------------
  option:

  Name "Välj projekt":
  [36m<option[39m
    [33mvalue[39m=[32m""[39m
  [36m/>[39m

  Name "Betalplattform":
  [36m<option[39m
    [33mvalue[39m=[32m"project-1"[39m
  [36m/>[39m

  Name "Välj system":
  [36m<option[39m
    [33mvalue[39m=[32m""[39m
  [36m/>[39m

  Name "Payment API":
  [36m<option[39m
    [33mvalue[39m=[32m"system-1"[39m
  [36m/>[39m

  Name "Låg":
  [36m<option[39m
    [33mvalue[39m=[32m"low"[39m
  [36m/>[39m

  Name "Medel":
  [36m<option[39m
    [33mvalue[39m=[32m"medium"[39m
  [36m/>[39m

  Name "Hög":
  [36m<option[39m
    [33mvalue[39m=[32m"high"[39m
  [36m/>[39m

  Name "Kritisk":
  [36m<option[39m
    [33mvalue[39m=[32m"critical"[39m
  [36m/>[39m

  Name "Discovery":
  [36m<option[39m
    [33mvalue[39m=[32m"discovery"[39m
  [36m/>[39m

  Name "Service inventory":
  [36m<option[39m
    [33mvalue[39m=[32m"service_inventory"[39m
  [36m/>[39m

  Name "Ledning":
  [36m<option[39m
    [33mvalue[39m=[32m"management"[39m
  [36m/>[39m

  Name "Teknisk":
  [36m<option[39m
    [33mvalue[39m=[32m"technical"[39m
  [36m/>[39m

  Name "Riskregister":
  [36m<option[39m
    [33mvalue[39m=[32m"risk_register"[39m
  [36m/>[39m

  Name "PDF":
  [36m<option[39m
    [33mvalue[39m=[32m"pdf"[39m
  [36m/>[39m

  Name "JSON":
  [36m<option[39m
    [33mvalue[39m=[32m"json"[39m
  [36m/>[39m

  Name "CSV":
  [36m<option[39m
    [33mvalue[39m=[32m"csv"[39m
  [36m/>[39m

  --------------------------------------------------
  group:

  Name "":
  [36m<details[39m
    [33mopen[39m=[32m""[39m
  [36m/>[39m

  Name "":
  [36m<details[39m
    [33mopen[39m=[32m""[39m
  [36m/>[39m

  Name "Välj vad som ska ingå":
  [36m<fieldset[39m
    [33mclass[39m=[32m"op-report-builder"[39m
  [36m/>[39m

  --------------------------------------------------
  textbox:

  Name "Namn":
  [36m<input[39m
    [33mminlength[39m=[32m"2"[39m
    [33mrequired[39m=[32m""[39m
    [33mvalue[39m=[32m""[39m
  [36m/>[39m

  Name "Beskrivning":
  [36m<input[39m
    [33mvalue[39m=[32m""[39m
  [36m/>[39m

  Name "Namn":
  [36m<input[39m
    [33mminlength[39m=[32m"2"[39m
    [33mrequired[39m=[32m""[39m
    [33mvalue[39m=[32m""[39m
  [36m/>[39m

  Name "Ägare":
  [36m<input[39m
    [33mminlength[39m=[32m"2"[39m
    [33mrequired[39m=[32m""[39m
    [33mvalue[39m=[32m""[39m
  [36m/>[39m

  Name "Beskrivning":
  [36m<input[39m
    [33mvalue[39m=[32m""[39m
  [36m/>[39m

  Name "IP eller CIDR, en per rad":
  [36m<textarea[39m
    [33mplaceholder[39m=[32m"Ange ett uttryckligen godkänt mål"[39m
    [33mrequired[39m=[32m""[39m
  [36m/>[39m

  Name "Godkänd av":
  [36m<input[39m
    [33mminlength[39m=[32m"2"[39m
    [33mrequired[39m=[32m""[39m
    [33mvalue[39m=[32m""[39m
  [36m/>[39m

  Name "Syfte":
  [36m<textarea[39m
    [33mminlength[39m=[32m"10"[39m
    [33mrequired[39m=[32m""[39m
  [36m/>[39m

  --------------------------------------------------
  status:

  Name "":
  [36m<div[39m
    [33mclass[39m=[32m"op-feedback op-feedback--success"[39m
    [33mrole[39m=[32m"status"[39m
  [36m/>[39m

  --------------------------------------------------
  term:

  Name "":
  [36m<dt />[39m

  Name "":
  [36m<dt />[39m

  Name "":
  [36m<dt />[39m

  Name "":
  [36m<dt />[39m

  Name "":
  [36m<dt />[39m

  Name "":
  [36m<dt />[39m

  Name "":
  [36m<dt />[39m

  --------------------------------------------------
  definition:

  Name "":
  [36m<dd />[39m

  Name "":
  [36m<dd />[39m

  Name "":
  [36m<dd[39m
    [33mclass[39m=[32m"mono"[39m
  [36m/>[39m

  Name "":
  [36m<dd />[39m

  Name "":
  [36m<dd />[39m

  Name "":
  [36m<dd />[39m

  Name "":
  [36m<dd />[39m

  --------------------------------------------------
  article:

  Name "":
  [36m<article />[39m

  Name "":
  [36m<article />[39m

  Name "":
  [36m<article />[39m

  Name "":
  [36m<article />[39m

  Name "":
  [36m<article />[39m

  Name "":
  [36m<article />[39m

  Name "":
  [36m<article[39m
    [33mclass[39m=[32m"panel op-control-card op-control-card--wide"[39m
  [36m/>[39m

  Name "":
  [36m<article[39m
    [33mclass[39m=[32m"panel op-control-card"[39m
  [36m/>[39m

  Name "":
  [36m<article[39m
    [33mclass[39m=[32m"panel op-control-card"[39m
  [36m/>[39m

  Name "":
  [36m<article[39m
    [33mclass[39m=[32m"panel op-control-card"[39m
  [36m/>[39m

  --------------------------------------------------
  checkbox:

  Name "Jag bekräftar att jag har tillstånd att skanna angivna mål.":
  [36m<input[39m
    [33mtype[39m=[32m"checkbox"[39m
  [36m/>[39m

  Name "SammanfattningNyckeltal och övergripande slutsats.":
  [36m<input[39m
    [33mchecked[39m=[32m""[39m
    [33mtype[39m=[32m"checkbox"[39m
  [36m/>[39m

  Name "Scope och metodOmfattning, datakällor och bedömningsmetod.":
  [36m<input[39m
    [33mtype[39m=[32m"checkbox"[39m
  [36m/>[39m

  Name "ArkitekturSenaste frysta arkitektur- och skanningskontext.":
  [36m<input[39m
    [33mtype[39m=[32m"checkbox"[39m
  [36m/>[39m

  Name "Tillgångar och tjänsterObserverade systemkomponenter och exponerade tjänster.":
  [36m<input[39m
    [33mtype[39m=[32m"checkbox"[39m
  [36m/>[39m

  Name "FyndTekniska fynd med status, CVE, CVSS och evidens.":
  [36m<input[39m
    [33mtype[39m=[32m"checkbox"[39m
  [36m/>[39m

  Name "Hotbild och ATT&CKMatchad hotinformation och MITRE ATT&CK.":
  [36m<input[39m
    [33mtype[39m=[32m"checkbox"[39m
  [36m/>[39m

  Name "RiskerPrioriterade och historiska riskbedömningar.":
  [36m<input[39m
    [33mchecked[39m=[32m""[39m
    [33mtype[39m=[32m"checkbox"[39m
  [36m/>[39m

  Name "ScannerobservationerImporterade leverantörsobservationer och rådata.":
  [36m<input[39m
    [33mtype[39m=[32m"checkbox"[39m
  [36m/>[39m

  Name "BegränsningarOsäkerheter, antaganden och valideringsbehov.":
  [36m<input[39m
    [33mchecked[39m=[32m""[39m
    [33mtype[39m=[32m"checkbox"[39m
  [36m/>[39m

  --------------------------------------------------
  tablist:

  Name "Operativ data":
  [36m<div[39m
    [33maria-label[39m=[32m"Operativ data"[39m
    [33mclass[39m=[32m"op-tabs"[39m
    [33mrole[39m=[32m"tablist"[39m
  [36m/>[39m

  --------------------------------------------------
  tab:

  Name "Översikt":
  [36m<button[39m
    [33maria-selected[39m=[32m"true"[39m
    [33mclass[39m=[32m"is-active"[39m
    [33mrole[39m=[32m"tab"[39m
  [36m/>[39m

  Name "Tillgångar1":
  [36m<button[39m
    [33maria-selected[39m=[32m"false"[39m
    [33mclass[39m=[32m""[39m
    [33mrole[39m=[32m"tab"[39m
  [36m/>[39m

  Name "Omvärld1":
  [36m<button[39m
    [33maria-selected[39m=[32m"false"[39m
    [33mclass[39m=[32m""[39m
    [33mrole[39m=[32m"tab"[39m
  [36m/>[39m

  Name "Hot1":
  [36m<button[39m
    [33maria-selected[39m=[32m"false"[39m
    [33mclass[39m=[32m""[39m
    [33mrole[39m=[32m"tab"[39m
  [36m/>[39m

  Name "Fynd1":
  [36m<button[39m
    [33maria-selected[39m=[32m"false"[39m
    [33mclass[39m=[32m""[39m
    [33mrole[39m=[32m"tab"[39m
  [36m/>[39m

  Name "Risker1":
  [36m<button[39m
    [33maria-selected[39m=[32m"false"[39m
    [33mclass[39m=[32m""[39m
    [33mrole[39m=[32m"tab"[39m
  [36m/>[39m

  Name "Arkitektur":
  [36m<button[39m
    [33maria-selected[39m=[32m"false"[39m
    [33mclass[39m=[32m""[39m
    [33mrole[39m=[32m"tab"[39m
  [36m/>[39m

  Name "Rapporter1":
  [36m<button[39m
    [33maria-selected[39m=[32m"false"[39m
    [33mclass[39m=[32m""[39m
    [33mrole[39m=[32m"tab"[39m
  [36m/>[39m

  --------------------------------------------------
  complementary:

  Name "":
  [36m<aside[39m
    [33mclass[39m=[32m"op-inspector"[39m
  [36m/>[39m

  --------------------------------------------------

Ignored nodes: comments, script, style
[36m<body>[39m
  [36m<div>[39m
    [36m<main[39m
      [33mclass[39m=[32m"op-workspace"[39m
    [36m>[39m
      [36m<header[39m
        [33mclass[39m=[32m"op-heading"[39m
      [36m>[39m
        [36m<div>[39m
          [36m<span[39m
            [33mclass[39m=[32m"eyebrow"[39m
          [36m>[39m
            [0mOPERATIV ANALYSKEDJA[0m
          [36m</span>[39m
          [36m<h1>[39m
            [0mSäkerhetsöversikt[0m
          [36m</h1>[39m
          [36m<p>[39m
            [0mTidigare skanningar och beständig analysdata, med tydlig källstatus och osäkerhet.[0m
          [36m</p>[39m
        [36m</div>[39m
        [36m<button[39m
          [33mclass[39m=[32m"secondary-button"[39m
        [36m>[39m
          [36m<svg[39m
            [33maria-hidden[39m=[32m"true"[39m
            [33mfill[39m=[32m"none"[39m
            [33mheight[39m=[32m"16"[39m
            [33mstroke[39m=[32m"currentColor"[39m
            [33mstroke-linecap[39m=[32m"round"[39m
            [33mstroke-linejoin[39m=[32m"round"[39m
            [33mstroke-width[39m=[32m"1.8"[39m
            [33mviewBox[39m=[32m"0 0 24 24"[39m
            [33mwidth[39m=[32m"16"[39m
          [36m>[39m
            [36m<path[39m
              [33md[39m=[32m"M4 12a8 8 0 1 0 2.3-5.7L4 8.6"[39m
            [36m/>[39m
            [36m<path[39m
              [33md[39m=[32m"M4 4v4.6h4.6M12 8v4l3 2"[39m
            [36m/>[39m
          [36m</svg>[39m
          [0m Uppdatera[0m
        [36m</button>[39m
      [36m</header>[39m
      [36m<div[39m
        [33mclass[39m=[32m"op-safety-banner"[39m
        [33mrole[39m=[32m"note"[39m
      [36m>[39m
        [36m<svg[39m
          [33maria-hidden[39m=[32m"true"[39m
          [33mfill[39m=[32m"none"[39m
          [33mheight[39m=[32m"19"[39m
          [33mstroke[39m=[32m"currentColor"[39m
          [33mstroke-linecap[39m=[32m"round"[39m
          [33mstroke-linejoin[39m=[32m"round"[39m
          [33mstroke-width[39m=[32m"1.8"[39m
          [33mviewBox[39m=[32m"0 0 24 24"[39m
          [33mwidth[39m=[32m"19"[39m
        [36m>[39m
          [36m<path[39m
            [33md[39m=[32m"M12 3 4 7v5c0 4.7 3.3 8.2 8 9 4.7-.8 8-4.3 8-9V7l-8-4Z"[39m
          [36m/>[39m
          [36m<path[39m
            [33md[39m=[32m"M9 12h6M12 9v6"[39m
          [36m/>[39m
        [36m</svg>[39m
        [36m<div>[39m
          [36m<strong>[39m
            [0mAuktoriserad användning krävs[0m
          [36m</strong>[39m
          [36m<p>[39m
            [0mEndast system du äger eller uttryckligen får testa får skannas. En köad skanning är inte bevis på att en worker kör, och ett öppet portfynd är inte bevis på exponering eller exploaterbarhet.[0m
          [36m</p>[39m
        [36m</div>[39m
      [36m</div>[39m
      [36m<div[39m
        [33maria-label[39m=[32m"Aktiv behörighetskontext"[39m
        [33mclass[39m=[32m"op-principal"[39m
      [36m>[39m
        [36m<span>[39m
          [36m<svg[39m
            [33maria-hidden[39m=[32m"true"[39m
            [33mfill[39m=[32m"none"[39m
            [33mheight[39m=[32m"15"[39m
            [33mstroke[39m=[32m"currentColor"[39m
            [33mstroke-linecap[39m=[32m"round"[39m
            [33mstroke-linejoin[39m=[32m"round"[39m
            [33mstroke-width[39m=[32m"1.8"[39m
            [33mviewBox[39m=[32m"0 0 24 24"[39m
            [33mwidth[39m=[32m"15"[39m
          [36m>[39m
            [36m<circle[39m
              [33mcx[39m=[32m"12"[39m
              [33mcy[39m=[32m"8"[39m
              [33mr[39m=[32m"4"[39m
            [36m/>[39m
            [36m<path[39m
              [33md[39m=[32m"M4 21c.5-4.2 3.2-6.5 8-6.5s7.5 2.3 8 6.5"[39m
            [36m/>[39m
          [36m</svg>[39m
        [36m</span>[39m
        [36m<div>[39m
          [36m<strong>[39m
            [0mNorth-Bridge Security[0m
          [36m</strong>[39m
          [36m<small>[39m
            [0madmin, analyst[0m
            [0m ·[0m
            [0m [0m
            [0morganisationsomfattande[0m
          [36m</small>[39m
        [36m</div>[39m
      [36m</div>[39m
      [36m<section[39m
        [33maria-label[39m=[32m"Projekt och system"[39m
        [33mclass[39m=[32m"op-context panel"[39m
      [36m>[39m
        [36m<div[39m
          [33mclass[39m=[32m"op-context__selectors"[39m
        [36m>[39m
          [36m<label>[39m
            [36m<span>[39m
              [0mProjekt[0m
            [36m</span>[39m
            [36m<select[39m
              [33maria-label[39m=[32m"Valt projekt"[39m
            [36m>[39m
              [36m<option[39m
                [33mvalue[39m=[32m""[39m
              [36m>[39m
                [0mVälj projekt[0m
              [36m</option>[39m
              [36m<option[39m
                [33mvalue[39m=[32m"project-1"[39m
              [36m>[39m
                [0mBetalplattform[0m
              [36m</option>[39m
            [36m</select>[39m
          [36m</label>[39m
          [36m<label>[39m
            [36m<span>[39m
              [0mSystem[0m
            [36m</span>[39m
            [36m<select[39m
              [33maria-label[39m=[32m"Valt system"[39m
            [36m>[39m
              [36m<option[39m
                [33mvalue[39m=[32m""[39m
              [36m>[39m
                [0mVälj system[0m
              [36m</option>[39m
              [36m<option[39m
                [33mvalue[39m=[32m"system-1"[39m
              [36m>[39m
                [0mPayment API[0m
              [36m</option>[39m
            [36m</select>[39m
          [36m</label>[39m
          [36m<div[39m
            [33mclass[39m=[32m"op-context__state"[39m
          [36m>[39m
            [36m<span>[39m
              [0mAPI-data inläst[0m
            [36m</span>[39m
            [36m<small>[39m
              [0mIngen kontinuerlig liveinsamling hävdas.[0m
            [36m</small>[39m
          [36m</div>[39m
        [36m</div>[39m
        [36m<div[39m
          [33mclass[39m=[32m"op-create-grid"[39m
        [36m>[39m
          [36m<details[39m
            [33mopen[39m=[32m""[39m
          [36m>[39m
            [36m<summary>[39m
              [0mNytt projekt[0m
            [36m</summary>[39m
            [36m<form>[39m
              [36m<label>[39m
                [36m<span>[39m
                  [0mNamn[0m
                [36m</span>[39m
                [36m<input[39m
                  [33mminlength[39m=[32m"2"[39m
                  [33mrequired[39m=[32m""[39m
                  [33mvalue[39m=[32m""[39m
                [36m/>[39m
              [36m</label>[39m
              [36m<label>[39m
                [36m<span>[39m
 ...
[90m [2m❯[22m Object.getElementError node_modules/@testing-library/dom/dist/config.js:[2m37:19[22m[39m
[90m [2m❯[22m node_modules/@testing-library/dom/dist/query-helpers.js:[2m76:38[22m[39m
[90m [2m❯[22m node_modules/@testing-library/dom/dist/query-helpers.js:[2m52:17[22m[39m
[90m [2m❯[22m node_modules/@testing-library/dom/dist/query-helpers.js:[2m95:19[22m[39m
[36m [2m❯[22m src/components/OperationalWorkspace.test.tsx:[2m1559:29[22m[39m
    [90m1557|[39m     expect(screen.getByText(syncResult.warnings[0])).toBeInTheDocument…
    [90m1558|[39m
    [90m1559|[39m     await user.click(screen.getByRole('button', { name: 'Köa rapport' …
    [90m   |[39m                             [31m^[39m
    [90m1560|[39m     [35mawait[39m [34mwaitFor[39m(() [33m=>[39m
    [90m1561|[39m       [34mexpect[39m(api[33m.[39menqueueReport)[33m.[39m[34mtoHaveBeenCalledWith[39m(

[31m[2m⎯⎯⎯⎯⎯⎯⎯⎯⎯⎯⎯⎯⎯⎯⎯⎯⎯⎯⎯⎯⎯⎯⎯⎯[1/3]⎯[22m[39m

[41m[1m FAIL [22m[49m src/components/OperationalWorkspace.test.tsx[2m > [22mOperationalWorkspace[2m > [22mrefreshes a completed job exactly once before publishing terminal state
[31m[1mTestingLibraryElementError[22m[39m: Unable to find an accessible element with the role "button" and name "Köa rapport"

Here are the accessible roles:

  main:

  Name "":
  [36m<main[39m
    [33mclass[39m=[32m"op-workspace"[39m
  [36m/>[39m

  --------------------------------------------------
  banner:

  Name "":
  [36m<header[39m
    [33mclass[39m=[32m"op-heading"[39m
  [36m/>[39m

  Name "":
  [36m<header />[39m

  Name "":
  [36m<header />[39m

  Name "":
  [36m<header />[39m

  Name "":
  [36m<header />[39m

  Name "":
  [36m<header[39m
    [33mclass[39m=[32m"op-section-heading"[39m
  [36m/>[39m

  Name "":
  [36m<header[39m
    [33mclass[39m=[32m"op-section-heading"[39m
  [36m/>[39m

  --------------------------------------------------
  heading:

  Name "Säkerhetsöversikt":
  [36m<h1 />[39m

  Name "Payment API":
  [36m<h2 />[39m

  Name "Tidsbegränsad skanningsauktorisering":
  [36m<h2 />[39m

  Name "Skanning eller säker import":
  [36m<h2 />[39m

  Name "Synkronisera hot- och exploateringsdata":
  [36m<h2 />[39m

  Name "Skapa fryst rapportunderlag":
  [36m<h2 />[39m

  Name "Bakgrundsjobb för valt system":
  [36m<h2 />[39m

  Name "Skanningar":
  [36m<h2 />[39m

  --------------------------------------------------
  paragraph:

  Name "":
  [36m<p />[39m

  Name "":
  [36m<p />[39m

  Name "":
  [36m<p />[39m

  Name "":
  [36m<p[39m
    [33mclass[39m=[32m"op-caveat"[39m
  [36m/>[39m

  Name "":
  [36m<p[39m
    [33mclass[39m=[32m"op-caveat"[39m
  [36m/>[39m

  Name "":
  [36m<p />[39m

  Name "":
  [36m<p />[39m

  Name "":
  [36m<p />[39m

  --------------------------------------------------
  button:

  Name "Uppdatera":
  [36m<button[39m
    [33mclass[39m=[32m"secondary-button"[39m
  [36m/>[39m

  Name "Skapa projekt":
  [36m<button[39m
    [33mclass[39m=[32m"secondary-button"[39m
  [36m/>[39m

  Name "Skapa system":
  [36m<button[39m
    [33mclass[39m=[32m"secondary-button"[39m
  [36m/>[39m

  Name "Skapa auktorisering":
  [36m<button[39m
    [33mclass[39m=[32m"primary-button"[39m
    [33mdisabled[39m=[32m""[39m
  [36m/>[39m

  Name "Köa extern Nmap-worker":
  [36m<button[39m
    [33mclass[39m=[32m"primary-button"[39m
    [33mdisabled[39m=[32m""[39m
  [36m/>[39m

  Name "Validera och importera XML":
  [36m<button[39m
    [33mclass[39m=[32m"secondary-button"[39m
    [33mdisabled[39m=[32m""[39m
  [36m/>[39m

  Name "NetBox inventory Read-only, ogranskat källsnapshot":
  [36m<button />[39m

  Name "NVD CVE 2.0 CPE-träff skapar endast kandidater":
  [36m<button />[39m

  Name "CISA KEV Katalogmedlemskap, inte poäng":
  [36m<button />[39m

  Name "FIRST EPSS Sannolikhet, inte verifierad exploatering":
  [36m<button />[39m

  Name "Intern hotfeed Kräver serverkonfigurerad källa":
  [36m<button />[39m

  Name "Markera alla":
  [36m<button[39m
    [33mclass[39m=[32m"secondary-button"[39m
    [33mtype[39m=[32m"button"[39m
  [36m/>[39m

  Name "Återställ profil":
  [36m<button[39m
    [33mclass[39m=[32m"secondary-button"[39m
    [33mtype[39m=[32m"button"[39m
  [36m/>[39m

  Name "Avmarkera alla":
  [36m<button[39m
    [33mclass[39m=[32m"secondary-button"[39m
    [33mtype[39m=[32m"button"[39m
  [36m/>[39m

  Name "Köa rapport (3 delar)":
  [36m<button[39m
    [33mclass[39m=[32m"primary-button"[39m
  [36m/>[39m

  --------------------------------------------------
  note:

  Name "":
  [36m<div[39m
    [33mclass[39m=[32m"op-safety-banner"[39m
    [33mrole[39m=[32m"note"[39m
  [36m/>[39m

  --------------------------------------------------
  strong:

  Name "":
  [36m<strong />[39m

  Name "":
  [36m<strong />[39m

  Name "":
  [36m<strong />[39m

  Name "":
  [36m<strong />[39m

  Name "":
  [36m<strong />[39m

  Name "":
  [36m<strong />[39m

  Name "":
  [36m<strong />[39m

  Name "":
  [36m<strong />[39m

  Name "":
  [36m<strong />[39m

  Name "":
  [36m<strong />[39m

  Name "":
  [36m<strong />[39m

  Name "":
  [36m<strong />[39m

  Name "":
  [36m<strong />[39m

  Name "":
  [36m<strong />[39m

  Name "":
  [36m<strong />[39m

  Name "":
  [36m<strong />[39m

  Name "":
  [36m<strong />[39m

  Name "":
  [36m<strong />[39m

  Name "":
  [36m<strong />[39m

  Name "":
  [36m<strong />[39m

  Name "":
  [36m<strong />[39m

  Name "":
  [36m<strong />[39m

  Name "":
  [36m<strong />[39m

  Name "":
  [36m<strong />[39m

  Name "":
  [36m<strong />[39m

  --------------------------------------------------
  region:

  Name "Projekt och system":
  [36m<section[39m
    [33maria-label[39m=[32m"Projekt och system"[39m
    [33mclass[39m=[32m"op-context panel"[39m
  [36m/>[39m

  Name "Operativ sammanfattning":
  [36m<section[39m
    [33maria-label[39m=[32m"Operativ sammanfattning"[39m
    [33mclass[39m=[32m"op-metrics"[39m
  [36m/>[39m

  Name "Analyskedja":
  [36m<section[39m
    [33maria-label[39m=[32m"Analyskedja"[39m
    [33mclass[39m=[32m"op-pipeline panel"[39m
  [36m/>[39m

  Name "Bakgrundsjobb":
  [36m<section[39m
    [33maria-label[39m=[32m"Bakgrundsjobb"[39m
    [33mclass[39m=[32m"panel op-import-history"[39m
  [36m/>[39m

  --------------------------------------------------
  combobox:

  Name "Valt projekt":
  [36m<select[39m
    [33maria-label[39m=[32m"Valt projekt"[39m
  [36m/>[39m

  Name "Valt system":
  [36m<select[39m
    [33maria-label[39m=[32m"Valt system"[39m
  [36m/>[39m

  Name "Kritikalitet":
  [36m<select />[39m

  Name "Fast profil":
  [36m<select />[39m

  Name "Rapporttyp":
  [36m<select />[39m

  Name "Format":
  [36m<select />[39m

  --------------------------------------------------
  option:

  Name "Välj projekt":
  [36m<option[39m
    [33mvalue[39m=[32m""[39m
  [36m/>[39m

  Name "Betalplattform":
  [36m<option[39m
    [33mvalue[39m=[32m"project-1"[39m
  [36m/>[39m

  Name "Välj system":
  [36m<option[39m
    [33mvalue[39m=[32m""[39m
  [36m/>[39m

  Name "Payment API":
  [36m<option[39m
    [33mvalue[39m=[32m"system-1"[39m
  [36m/>[39m

  Name "Låg":
  [36m<option[39m
    [33mvalue[39m=[32m"low"[39m
  [36m/>[39m

  Name "Medel":
  [36m<option[39m
    [33mvalue[39m=[32m"medium"[39m
  [36m/>[39m

  Name "Hög":
  [36m<option[39m
    [33mvalue[39m=[32m"high"[39m
  [36m/>[39m

  Name "Kritisk":
  [36m<option[39m
    [33mvalue[39m=[32m"critical"[39m
  [36m/>[39m

  Name "Discovery":
  [36m<option[39m
    [33mvalue[39m=[32m"discovery"[39m
  [36m/>[39m

  Name "Service inventory":
  [36m<option[39m
    [33mvalue[39m=[32m"service_inventory"[39m
  [36m/>[39m

  Name "Ledning":
  [36m<option[39m
    [33mvalue[39m=[32m"management"[39m
  [36m/>[39m

  Name "Teknisk":
  [36m<option[39m
    [33mvalue[39m=[32m"technical"[39m
  [36m/>[39m

  Name "Riskregister":
  [36m<option[39m
    [33mvalue[39m=[32m"risk_register"[39m
  [36m/>[39m

  Name "PDF":
  [36m<option[39m
    [33mvalue[39m=[32m"pdf"[39m
  [36m/>[39m

  Name "JSON":
  [36m<option[39m
    [33mvalue[39m=[32m"json"[39m
  [36m/>[39m

  Name "CSV":
  [36m<option[39m
    [33mvalue[39m=[32m"csv"[39m
  [36m/>[39m

  --------------------------------------------------
  group:

  Name "":
  [36m<details[39m
    [33mopen[39m=[32m""[39m
  [36m/>[39m

  Name "":
  [36m<details[39m
    [33mopen[39m=[32m""[39m
  [36m/>[39m

  Name "Välj vad som ska ingå":
  [36m<fieldset[39m
    [33mclass[39m=[32m"op-report-builder"[39m
  [36m/>[39m

  --------------------------------------------------
  textbox:

  Name "Namn":
  [36m<input[39m
    [33mminlength[39m=[32m"2"[39m
    [33mrequired[39m=[32m""[39m
    [33mvalue[39m=[32m""[39m
  [36m/>[39m

  Name "Beskrivning":
  [36m<input[39m
    [33mvalue[39m=[32m""[39m
  [36m/>[39m

  Name "Namn":
  [36m<input[39m
    [33mminlength[39m=[32m"2"[39m
    [33mrequired[39m=[32m""[39m
    [33mvalue[39m=[32m""[39m
  [36m/>[39m

  Name "Ägare":
  [36m<input[39m
    [33mminlength[39m=[32m"2"[39m
    [33mrequired[39m=[32m""[39m
    [33mvalue[39m=[32m""[39m
  [36m/>[39m

  Name "Beskrivning":
  [36m<input[39m
    [33mvalue[39m=[32m""[39m
  [36m/>[39m

  Name "IP eller CIDR, en per rad":
  [36m<textarea[39m
    [33mplaceholder[39m=[32m"Ange ett uttryckligen godkänt mål"[39m
    [33mrequired[39m=[32m""[39m
  [36m/>[39m

  Name "Godkänd av":
  [36m<input[39m
    [33mminlength[39m=[32m"2"[39m
    [33mrequired[39m=[32m""[39m
    [33mvalue[39m=[32m""[39m
  [36m/>[39m

  Name "Syfte":
  [36m<textarea[39m
    [33mminlength[39m=[32m"10"[39m
    [33mrequired[39m=[32m""[39m
  [36m/>[39m

  --------------------------------------------------
  term:

  Name "":
  [36m<dt />[39m

  Name "":
  [36m<dt />[39m

  Name "":
  [36m<dt />[39m

  --------------------------------------------------
  definition:

  Name "":
  [36m<dd />[39m

  Name "":
  [36m<dd />[39m

  Name "":
  [36m<dd[39m
    [33mclass[39m=[32m"mono"[39m
  [36m/>[39m

  --------------------------------------------------
  article:

  Name "":
  [36m<article />[39m

  Name "":
  [36m<article />[39m

  Name "":
  [36m<article />[39m

  Name "":
  [36m<article />[39m

  Name "":
  [36m<article />[39m

  Name "":
  [36m<article />[39m

  Name "":
  [36m<article[39m
    [33mclass[39m=[32m"panel op-control-card op-control-card--wide"[39m
  [36m/>[39m

  Name "":
  [36m<article[39m
    [33mclass[39m=[32m"panel op-control-card"[39m
  [36m/>[39m

  Name "":
  [36m<article[39m
    [33mclass[39m=[32m"panel op-control-card"[39m
  [36m/>[39m

  Name "":
  [36m<article[39m
    [33mclass[39m=[32m"panel op-control-card"[39m
  [36m/>[39m

  --------------------------------------------------
  checkbox:

  Name "Jag bekräftar att jag har tillstånd att skanna angivna mål.":
  [36m<input[39m
    [33mtype[39m=[32m"checkbox"[39m
  [36m/>[39m

  Name "SammanfattningNyckeltal och övergripande slutsats.":
  [36m<input[39m
    [33mchecked[39m=[32m""[39m
    [33mtype[39m=[32m"checkbox"[39m
  [36m/>[39m

  Name "Scope och metodOmfattning, datakällor och bedömningsmetod.":
  [36m<input[39m
    [33mtype[39m=[32m"checkbox"[39m
  [36m/>[39m

  Name "ArkitekturSenaste frysta arkitektur- och skanningskontext.":
  [36m<input[39m
    [33mtype[39m=[32m"checkbox"[39m
  [36m/>[39m

  Name "Tillgångar och tjänsterObserverade systemkomponenter och exponerade tjänster.":
  [36m<input[39m
    [33mtype[39m=[32m"checkbox"[39m
  [36m/>[39m

  Name "FyndTekniska fynd med status, CVE, CVSS och evidens.":
  [36m<input[39m
    [33mtype[39m=[32m"checkbox"[39m
  [36m/>[39m

  Name "Hotbild och ATT&CKMatchad hotinformation och MITRE ATT&CK.":
  [36m<input[39m
    [33mtype[39m=[32m"checkbox"[39m
  [36m/>[39m

  Name "RiskerPrioriterade och historiska riskbedömningar.":
  [36m<input[39m
    [33mchecked[39m=[32m""[39m
    [33mtype[39m=[32m"checkbox"[39m
  [36m/>[39m

  Name "ScannerobservationerImporterade leverantörsobservationer och rådata.":
  [36m<input[39m
    [33mtype[39m=[32m"checkbox"[39m
  [36m/>[39m

  Name "BegränsningarOsäkerheter, antaganden och valideringsbehov.":
  [36m<input[39m
    [33mchecked[39m=[32m""[39m
    [33mtype[39m=[32m"checkbox"[39m
  [36m/>[39m

  --------------------------------------------------
  tablist:

  Name "Operativ data":
  [36m<div[39m
    [33maria-label[39m=[32m"Operativ data"[39m
    [33mclass[39m=[32m"op-tabs"[39m
    [33mrole[39m=[32m"tablist"[39m
  [36m/>[39m

  --------------------------------------------------
  tab:

  Name "Översikt":
  [36m<button[39m
    [33maria-selected[39m=[32m"true"[39m
    [33mclass[39m=[32m"is-active"[39m
    [33mrole[39m=[32m"tab"[39m
  [36m/>[39m

  Name "Tillgångar0":
  [36m<button[39m
    [33maria-selected[39m=[32m"false"[39m
    [33mclass[39m=[32m""[39m
    [33mrole[39m=[32m"tab"[39m
  [36m/>[39m

  Name "Omvärld1":
  [36m<button[39m
    [33maria-selected[39m=[32m"false"[39m
    [33mclass[39m=[32m""[39m
    [33mrole[39m=[32m"tab"[39m
  [36m/>[39m

  Name "Hot0":
  [36m<button[39m
    [33maria-selected[39m=[32m"false"[39m
    [33mclass[39m=[32m""[39m
    [33mrole[39m=[32m"tab"[39m
  [36m/>[39m

  Name "Fynd0":
  [36m<button[39m
    [33maria-selected[39m=[32m"false"[39m
    [33mclass[39m=[32m""[39m
    [33mrole[39m=[32m"tab"[39m
  [36m/>[39m

  Name "Risker0":
  [36m<button[39m
    [33maria-selected[39m=[32m"false"[39m
    [33mclass[39m=[32m""[39m
    [33mrole[39m=[32m"tab"[39m
  [36m/>[39m

  Name "Arkitektur":
  [36m<button[39m
    [33maria-selected[39m=[32m"false"[39m
    [33mclass[39m=[32m""[39m
    [33mrole[39m=[32m"tab"[39m
  [36m/>[39m

  Name "Rapporter0":
  [36m<button[39m
    [33maria-selected[39m=[32m"false"[39m
    [33mclass[39m=[32m""[39m
    [33mrole[39m=[32m"tab"[39m
  [36m/>[39m

  --------------------------------------------------
  complementary:

  Name "":
  [36m<aside[39m
    [33mclass[39m=[32m"op-inspector"[39m
  [36m/>[39m

  --------------------------------------------------

Ignored nodes: comments, script, style
[36m<body>[39m
  [36m<div>[39m
    [36m<main[39m
      [33mclass[39m=[32m"op-workspace"[39m
    [36m>[39m
      [36m<header[39m
        [33mclass[39m=[32m"op-heading"[39m
      [36m>[39m
        [36m<div>[39m
          [36m<span[39m
            [33mclass[39m=[32m"eyebrow"[39m
          [36m>[39m
            [0mOPERATIV ANALYSKEDJA[0m
          [36m</span>[39m
          [36m<h1>[39m
            [0mSäkerhetsöversikt[0m
          [36m</h1>[39m
          [36m<p>[39m
            [0mTidigare skanningar och beständig analysdata, med tydlig källstatus och osäkerhet.[0m
          [36m</p>[39m
        [36m</div>[39m
        [36m<button[39m
          [33mclass[39m=[32m"secondary-button"[39m
        [36m>[39m
          [36m<svg[39m
            [33maria-hidden[39m=[32m"true"[39m
            [33mfill[39m=[32m"none"[39m
            [33mheight[39m=[32m"16"[39m
            [33mstroke[39m=[32m"currentColor"[39m
            [33mstroke-linecap[39m=[32m"round"[39m
            [33mstroke-linejoin[39m=[32m"round"[39m
            [33mstroke-width[39m=[32m"1.8"[39m
            [33mviewBox[39m=[32m"0 0 24 24"[39m
            [33mwidth[39m=[32m"16"[39m
          [36m>[39m
            [36m<path[39m
              [33md[39m=[32m"M4 12a8 8 0 1 0 2.3-5.7L4 8.6"[39m
            [36m/>[39m
            [36m<path[39m
              [33md[39m=[32m"M4 4v4.6h4.6M12 8v4l3 2"[39m
            [36m/>[39m
          [36m</svg>[39m
          [0m Uppdatera[0m
        [36m</button>[39m
      [36m</header>[39m
      [36m<div[39m
        [33mclass[39m=[32m"op-safety-banner"[39m
        [33mrole[39m=[32m"note"[39m
      [36m>[39m
        [36m<svg[39m
          [33maria-hidden[39m=[32m"true"[39m
          [33mfill[39m=[32m"none"[39m
          [33mheight[39m=[32m"19"[39m
          [33mstroke[39m=[32m"currentColor"[39m
          [33mstroke-linecap[39m=[32m"round"[39m
          [33mstroke-linejoin[39m=[32m"round"[39m
          [33mstroke-width[39m=[32m"1.8"[39m
          [33mviewBox[39m=[32m"0 0 24 24"[39m
          [33mwidth[39m=[32m"19"[39m
        [36m>[39m
          [36m<path[39m
            [33md[39m=[32m"M12 3 4 7v5c0 4.7 3.3 8.2 8 9 4.7-.8 8-4.3 8-9V7l-8-4Z"[39m
          [36m/>[39m
          [36m<path[39m
            [33md[39m=[32m"M9 12h6M12 9v6"[39m
          [36m/>[39m
        [36m</svg>[39m
        [36m<div>[39m
          [36m<strong>[39m
            [0mAuktoriserad användning krävs[0m
          [36m</strong>[39m
          [36m<p>[39m
            [0mEndast system du äger eller uttryckligen får testa får skannas. En köad skanning är inte bevis på att en worker kör, och ett öppet portfynd är inte bevis på exponering eller exploaterbarhet.[0m
          [36m</p>[39m
        [36m</div>[39m
      [36m</div>[39m
      [36m<div[39m
        [33maria-label[39m=[32m"Aktiv behörighetskontext"[39m
        [33mclass[39m=[32m"op-principal"[39m
      [36m>[39m
        [36m<span>[39m
          [36m<svg[39m
            [33maria-hidden[39m=[32m"true"[39m
            [33mfill[39m=[32m"none"[39m
            [33mheight[39m=[32m"15"[39m
            [33mstroke[39m=[32m"currentColor"[39m
            [33mstroke-linecap[39m=[32m"round"[39m
            [33mstroke-linejoin[39m=[32m"round"[39m
            [33mstroke-width[39m=[32m"1.8"[39m
            [33mviewBox[39m=[32m"0 0 24 24"[39m
            [33mwidth[39m=[32m"15"[39m
          [36m>[39m
            [36m<circle[39m
              [33mcx[39m=[32m"12"[39m
              [33mcy[39m=[32m"8"[39m
              [33mr[39m=[32m"4"[39m
            [36m/>[39m
            [36m<path[39m
              [33md[39m=[32m"M4 21c.5-4.2 3.2-6.5 8-6.5s7.5 2.3 8 6.5"[39m
            [36m/>[39m
          [36m</svg>[39m
        [36m</span>[39m
        [36m<div>[39m
          [36m<strong>[39m
            [0mNorth-Bridge Security[0m
          [36m</strong>[39m
          [36m<small>[39m
            [0madmin, analyst[0m
            [0m ·[0m
            [0m [0m
            [0morganisationsomfattande[0m
          [36m</small>[39m
        [36m</div>[39m
      [36m</div>[39m
      [36m<section[39m
        [33maria-label[39m=[32m"Projekt och system"[39m
        [33mclass[39m=[32m"op-context panel"[39m
      [36m>[39m
        [36m<div[39m
          [33mclass[39m=[32m"op-context__selectors"[39m
        [36m>[39m
          [36m<label>[39m
            [36m<span>[39m
              [0mProjekt[0m
            [36m</span>[39m
            [36m<select[39m
              [33maria-label[39m=[32m"Valt projekt"[39m
            [36m>[39m
              [36m<option[39m
                [33mvalue[39m=[32m""[39m
              [36m>[39m
                [0mVälj projekt[0m
              [36m</option>[39m
              [36m<option[39m
                [33mvalue[39m=[32m"project-1"[39m
              [36m>[39m
                [0mBetalplattform[0m
              [36m</option>[39m
            [36m</select>[39m
          [36m</label>[39m
          [36m<label>[39m
            [36m<span>[39m
              [0mSystem[0m
            [36m</span>[39m
            [36m<select[39m
              [33maria-label[39m=[32m"Valt system"[39m
            [36m>[39m
              [36m<option[39m
                [33mvalue[39m=[32m""[39m
              [36m>[39m
                [0mVälj system[0m
              [36m</option>[39m
              [36m<option[39m
                [33mvalue[39m=[32m"system-1"[39m
              [36m>[39m
                [0mPayment API[0m
              [36m</option>[39m
            [36m</select>[39m
          [36m</label>[39m
          [36m<div[39m
            [33mclass[39m=[32m"op-context__state"[39m
          [36m>[39m
            [36m<span>[39m
              [0mAPI-data inläst[0m
            [36m</span>[39m
            [36m<small>[39m
              [0mIngen kontinuerlig liveinsamling hävdas.[0m
            [36m</small>[39m
          [36m</div>[39m
        [36m</div>[39m
        [36m<div[39m
          [33mclass[39m=[32m"op-create-grid"[39m
        [36m>[39m
          [36m<details[39m
            [33mopen[39m=[32m""[39m
          [36m>[39m
            [36m<summary>[39m
              [0mNytt projekt[0m
            [36m</summary>[39m
            [36m<form>[39m
              [36m<label>[39m
                [36m<span>[39m
                  [0mNamn[0m
                [36m</span>[39m
                [36m<input[39m
                  [33mminlength[39m=[32m"2"[39m
                  [33mrequired[39m=[32m""[39m
                  [33mvalue[39m=[32m""[39m
                [36m/>[39m
              [36m</label>[39m
              [36m<label>[39m
                [36m<span>[39m
 ...
[90m [2m❯[22m Object.getElementError node_modules/@testing-library/dom/dist/config.js:[2m37:19[22m[39m
[90m [2m❯[22m node_modules/@testing-library/dom/dist/query-helpers.js:[2m76:38[22m[39m
[90m [2m❯[22m node_modules/@testing-library/dom/dist/query-helpers.js:[2m52:17[22m[39m
[90m [2m❯[22m node_modules/@testing-library/dom/dist/query-helpers.js:[2m95:19[22m[39m
[36m [2m❯[22m src/components/OperationalWorkspace.test.tsx:[2m1612:29[22m[39m
    [90m1610|[39m     [35mawait[39m screen[33m.[39m[34mfindByRole[39m([32m'heading'[39m[33m,[39m { name[33m:[39m [32m'Payment API'[39m })[33m;[39m
    [90m1611|[39m
    [90m1612|[39m     await user.click(screen.getByRole('button', { name: 'Köa rapport' …
    [90m   |[39m                             [31m^[39m
    [90m1613|[39m     await waitFor(() => expect(api.getBackgroundJob).toHaveBeenCalledW…
    [90m1614|[39m     await waitFor(() => expect(api.listReports).toHaveBeenCalledTimes(…

[31m[2m⎯⎯⎯⎯⎯⎯⎯⎯⎯⎯⎯⎯⎯⎯⎯⎯⎯⎯⎯⎯⎯⎯⎯⎯[2/3]⎯[22m[39m

[41m[1m FAIL [22m[49m src/components/OperationalWorkspace.test.tsx[2m > [22mOperationalWorkspace[2m > [22mcreates a fresh idempotency key for each intentional report request
[31m[1mTestingLibraryElementError[22m[39m: Unable to find an accessible element with the role "button" and name "Köa rapport"

Here are the accessible roles:

  main:

  Name "":
  [36m<main[39m
    [33mclass[39m=[32m"op-workspace"[39m
  [36m/>[39m

  --------------------------------------------------
  banner:

  Name "":
  [36m<header[39m
    [33mclass[39m=[32m"op-heading"[39m
  [36m/>[39m

  Name "":
  [36m<header />[39m

  Name "":
  [36m<header />[39m

  Name "":
  [36m<header />[39m

  Name "":
  [36m<header />[39m

  Name "":
  [36m<header[39m
    [33mclass[39m=[32m"op-section-heading"[39m
  [36m/>[39m

  Name "":
  [36m<header[39m
    [33mclass[39m=[32m"op-section-heading"[39m
  [36m/>[39m

  --------------------------------------------------
  heading:

  Name "Säkerhetsöversikt":
  [36m<h1 />[39m

  Name "Payment API":
  [36m<h2 />[39m

  Name "Tidsbegränsad skanningsauktorisering":
  [36m<h2 />[39m

  Name "Skanning eller säker import":
  [36m<h2 />[39m

  Name "Synkronisera hot- och exploateringsdata":
  [36m<h2 />[39m

  Name "Skapa fryst rapportunderlag":
  [36m<h2 />[39m

  Name "Bakgrundsjobb för valt system":
  [36m<h2 />[39m

  Name "Skanningar":
  [36m<h2 />[39m

  Name "Slutförd":
  [36m<h3 />[39m

  --------------------------------------------------
  paragraph:

  Name "":
  [36m<p />[39m

  Name "":
  [36m<p />[39m

  Name "":
  [36m<p />[39m

  Name "":
  [36m<p[39m
    [33mclass[39m=[32m"op-caveat"[39m
  [36m/>[39m

  Name "":
  [36m<p[39m
    [33mclass[39m=[32m"op-caveat"[39m
  [36m/>[39m

  Name "":
  [36m<p />[39m

  --------------------------------------------------
  button:

  Name "Uppdatera":
  [36m<button[39m
    [33mclass[39m=[32m"secondary-button"[39m
  [36m/>[39m

  Name "Skapa projekt":
  [36m<button[39m
    [33mclass[39m=[32m"secondary-button"[39m
  [36m/>[39m

  Name "Skapa system":
  [36m<button[39m
    [33mclass[39m=[32m"secondary-button"[39m
  [36m/>[39m

  Name "Skapa auktorisering":
  [36m<button[39m
    [33mclass[39m=[32m"primary-button"[39m
    [33mdisabled[39m=[32m""[39m
  [36m/>[39m

  Name "Köa extern Nmap-worker":
  [36m<button[39m
    [33mclass[39m=[32m"primary-button"[39m
    [33mdisabled[39m=[32m""[39m
  [36m/>[39m

  Name "Validera och importera XML":
  [36m<button[39m
    [33mclass[39m=[32m"secondary-button"[39m
    [33mdisabled[39m=[32m""[39m
  [36m/>[39m

  Name "NetBox inventory Read-only, ogranskat källsnapshot":
  [36m<button />[39m

  Name "NVD CVE 2.0 CPE-träff skapar endast kandidater":
  [36m<button />[39m

  Name "CISA KEV Katalogmedlemskap, inte poäng":
  [36m<button />[39m

  Name "FIRST EPSS Sannolikhet, inte verifierad exploatering":
  [36m<button />[39m

  Name "Intern hotfeed Kräver serverkonfigurerad källa":
  [36m<button />[39m

  Name "Markera alla":
  [36m<button[39m
    [33mclass[39m=[32m"secondary-button"[39m
    [33mtype[39m=[32m"button"[39m
  [36m/>[39m

  Name "Återställ profil":
  [36m<button[39m
    [33mclass[39m=[32m"secondary-button"[39m
    [33mtype[39m=[32m"button"[39m
  [36m/>[39m

  Name "Avmarkera alla":
  [36m<button[39m
    [33mclass[39m=[32m"secondary-button"[39m
    [33mtype[39m=[32m"button"[39m
  [36m/>[39m

  Name "Köa rapport (3 delar)":
  [36m<button[39m
    [33mclass[39m=[32m"primary-button"[39m
  [36m/>[39m

  Name "Importerad Nmap XML17 juli 2026 12:00 · Slutförd":
  [36m<button[39m
    [33mclass[39m=[32m"is-selected"[39m
  [36m/>[39m

  --------------------------------------------------
  note:

  Name "":
  [36m<div[39m
    [33mclass[39m=[32m"op-safety-banner"[39m
    [33mrole[39m=[32m"note"[39m
  [36m/>[39m

  --------------------------------------------------
  strong:

  Name "":
  [36m<strong />[39m

  Name "":
  [36m<strong />[39m

  Name "":
  [36m<strong />[39m

  Name "":
  [36m<strong />[39m

  Name "":
  [36m<strong />[39m

  Name "":
  [36m<strong />[39m

  Name "":
  [36m<strong />[39m

  Name "":
  [36m<strong />[39m

  Name "":
  [36m<strong />[39m

  Name "":
  [36m<strong />[39m

  Name "":
  [36m<strong />[39m

  Name "":
  [36m<strong />[39m

  Name "":
  [36m<strong />[39m

  Name "":
  [36m<strong />[39m

  Name "":
  [36m<strong />[39m

  Name "":
  [36m<strong />[39m

  Name "":
  [36m<strong />[39m

  Name "":
  [36m<strong />[39m

  Name "":
  [36m<strong />[39m

  Name "":
  [36m<strong />[39m

  Name "":
  [36m<strong />[39m

  Name "":
  [36m<strong />[39m

  Name "":
  [36m<strong />[39m

  Name "":
  [36m<strong />[39m

  Name "":
  [36m<strong />[39m

  --------------------------------------------------
  region:

  Name "Projekt och system":
  [36m<section[39m
    [33maria-label[39m=[32m"Projekt och system"[39m
    [33mclass[39m=[32m"op-context panel"[39m
  [36m/>[39m

  Name "Operativ sammanfattning":
  [36m<section[39m
    [33maria-label[39m=[32m"Operativ sammanfattning"[39m
    [33mclass[39m=[32m"op-metrics"[39m
  [36m/>[39m

  Name "Analyskedja":
  [36m<section[39m
    [33maria-label[39m=[32m"Analyskedja"[39m
    [33mclass[39m=[32m"op-pipeline panel"[39m
  [36m/>[39m

  Name "Bakgrundsjobb":
  [36m<section[39m
    [33maria-label[39m=[32m"Bakgrundsjobb"[39m
    [33mclass[39m=[32m"panel op-import-history"[39m
  [36m/>[39m

  --------------------------------------------------
  combobox:

  Name "Valt projekt":
  [36m<select[39m
    [33maria-label[39m=[32m"Valt projekt"[39m
  [36m/>[39m

  Name "Valt system":
  [36m<select[39m
    [33maria-label[39m=[32m"Valt system"[39m
  [36m/>[39m

  Name "Kritikalitet":
  [36m<select />[39m

  Name "Fast profil":
  [36m<select />[39m

  Name "Rapporttyp":
  [36m<select />[39m

  Name "Format":
  [36m<select />[39m

  --------------------------------------------------
  option:

  Name "Välj projekt":
  [36m<option[39m
    [33mvalue[39m=[32m""[39m
  [36m/>[39m

  Name "Betalplattform":
  [36m<option[39m
    [33mvalue[39m=[32m"project-1"[39m
  [36m/>[39m

  Name "Välj system":
  [36m<option[39m
    [33mvalue[39m=[32m""[39m
  [36m/>[39m

  Name "Payment API":
  [36m<option[39m
    [33mvalue[39m=[32m"system-1"[39m
  [36m/>[39m

  Name "Låg":
  [36m<option[39m
    [33mvalue[39m=[32m"low"[39m
  [36m/>[39m

  Name "Medel":
  [36m<option[39m
    [33mvalue[39m=[32m"medium"[39m
  [36m/>[39m

  Name "Hög":
  [36m<option[39m
    [33mvalue[39m=[32m"high"[39m
  [36m/>[39m

  Name "Kritisk":
  [36m<option[39m
    [33mvalue[39m=[32m"critical"[39m
  [36m/>[39m

  Name "Discovery":
  [36m<option[39m
    [33mvalue[39m=[32m"discovery"[39m
  [36m/>[39m

  Name "Service inventory":
  [36m<option[39m
    [33mvalue[39m=[32m"service_inventory"[39m
  [36m/>[39m

  Name "Ledning":
  [36m<option[39m
    [33mvalue[39m=[32m"management"[39m
  [36m/>[39m

  Name "Teknisk":
  [36m<option[39m
    [33mvalue[39m=[32m"technical"[39m
  [36m/>[39m

  Name "Riskregister":
  [36m<option[39m
    [33mvalue[39m=[32m"risk_register"[39m
  [36m/>[39m

  Name "PDF":
  [36m<option[39m
    [33mvalue[39m=[32m"pdf"[39m
  [36m/>[39m

  Name "JSON":
  [36m<option[39m
    [33mvalue[39m=[32m"json"[39m
  [36m/>[39m

  Name "CSV":
  [36m<option[39m
    [33mvalue[39m=[32m"csv"[39m
  [36m/>[39m

  --------------------------------------------------
  group:

  Name "":
  [36m<details[39m
    [33mopen[39m=[32m""[39m
  [36m/>[39m

  Name "":
  [36m<details[39m
    [33mopen[39m=[32m""[39m
  [36m/>[39m

  Name "Välj vad som ska ingå":
  [36m<fieldset[39m
    [33mclass[39m=[32m"op-report-builder"[39m
  [36m/>[39m

  --------------------------------------------------
  textbox:

  Name "Namn":
  [36m<input[39m
    [33mminlength[39m=[32m"2"[39m
    [33mrequired[39m=[32m""[39m
    [33mvalue[39m=[32m""[39m
  [36m/>[39m

  Name "Beskrivning":
  [36m<input[39m
    [33mvalue[39m=[32m""[39m
  [36m/>[39m

  Name "Namn":
  [36m<input[39m
    [33mminlength[39m=[32m"2"[39m
    [33mrequired[39m=[32m""[39m
    [33mvalue[39m=[32m""[39m
  [36m/>[39m

  Name "Ägare":
  [36m<input[39m
    [33mminlength[39m=[32m"2"[39m
    [33mrequired[39m=[32m""[39m
    [33mvalue[39m=[32m""[39m
  [36m/>[39m

  Name "Beskrivning":
  [36m<input[39m
    [33mvalue[39m=[32m""[39m
  [36m/>[39m

  Name "IP eller CIDR, en per rad":
  [36m<textarea[39m
    [33mplaceholder[39m=[32m"Ange ett uttryckligen godkänt mål"[39m
    [33mrequired[39m=[32m""[39m
  [36m/>[39m

  Name "Godkänd av":
  [36m<input[39m
    [33mminlength[39m=[32m"2"[39m
    [33mrequired[39m=[32m""[39m
    [33mvalue[39m=[32m""[39m
  [36m/>[39m

  Name "Syfte":
  [36m<textarea[39m
    [33mminlength[39m=[32m"10"[39m
    [33mrequired[39m=[32m""[39m
  [36m/>[39m

  --------------------------------------------------
  term:

  Name "":
  [36m<dt />[39m

  Name "":
  [36m<dt />[39m

  Name "":
  [36m<dt />[39m

  Name "":
  [36m<dt />[39m

  Name "":
  [36m<dt />[39m

  Name "":
  [36m<dt />[39m

  Name "":
  [36m<dt />[39m

  --------------------------------------------------
  definition:

  Name "":
  [36m<dd />[39m

  Name "":
  [36m<dd />[39m

  Name "":
  [36m<dd[39m
    [33mclass[39m=[32m"mono"[39m
  [36m/>[39m

  Name "":
  [36m<dd />[39m

  Name "":
  [36m<dd />[39m

  Name "":
  [36m<dd />[39m

  Name "":
  [36m<dd />[39m

  --------------------------------------------------
  article:

  Name "":
  [36m<article />[39m

  Name "":
  [36m<article />[39m

  Name "":
  [36m<article />[39m

  Name "":
  [36m<article />[39m

  Name "":
  [36m<article />[39m

  Name "":
  [36m<article />[39m

  Name "":
  [36m<article[39m
    [33mclass[39m=[32m"panel op-control-card op-control-card--wide"[39m
  [36m/>[39m

  Name "":
  [36m<article[39m
    [33mclass[39m=[32m"panel op-control-card"[39m
  [36m/>[39m

  Name "":
  [36m<article[39m
    [33mclass[39m=[32m"panel op-control-card"[39m
  [36m/>[39m

  Name "":
  [36m<article[39m
    [33mclass[39m=[32m"panel op-control-card"[39m
  [36m/>[39m

  --------------------------------------------------
  checkbox:

  Name "Jag bekräftar att jag har tillstånd att skanna angivna mål.":
  [36m<input[39m
    [33mtype[39m=[32m"checkbox"[39m
  [36m/>[39m

  Name "SammanfattningNyckeltal och övergripande slutsats.":
  [36m<input[39m
    [33mchecked[39m=[32m""[39m
    [33mtype[39m=[32m"checkbox"[39m
  [36m/>[39m

  Name "Scope och metodOmfattning, datakällor och bedömningsmetod.":
  [36m<input[39m
    [33mtype[39m=[32m"checkbox"[39m
  [36m/>[39m

  Name "ArkitekturSenaste frysta arkitektur- och skanningskontext.":
  [36m<input[39m
    [33mtype[39m=[32m"checkbox"[39m
  [36m/>[39m

  Name "Tillgångar och tjänsterObserverade systemkomponenter och exponerade tjänster.":
  [36m<input[39m
    [33mtype[39m=[32m"checkbox"[39m
  [36m/>[39m

  Name "FyndTekniska fynd med status, CVE, CVSS och evidens.":
  [36m<input[39m
    [33mtype[39m=[32m"checkbox"[39m
  [36m/>[39m

  Name "Hotbild och ATT&CKMatchad hotinformation och MITRE ATT&CK.":
  [36m<input[39m
    [33mtype[39m=[32m"checkbox"[39m
  [36m/>[39m

  Name "RiskerPrioriterade och historiska riskbedömningar.":
  [36m<input[39m
    [33mchecked[39m=[32m""[39m
    [33mtype[39m=[32m"checkbox"[39m
  [36m/>[39m

  Name "ScannerobservationerImporterade leverantörsobservationer och rådata.":
  [36m<input[39m
    [33mtype[39m=[32m"checkbox"[39m
  [36m/>[39m

  Name "BegränsningarOsäkerheter, antaganden och valideringsbehov.":
  [36m<input[39m
    [33mchecked[39m=[32m""[39m
    [33mtype[39m=[32m"checkbox"[39m
  [36m/>[39m

  --------------------------------------------------
  tablist:

  Name "Operativ data":
  [36m<div[39m
    [33maria-label[39m=[32m"Operativ data"[39m
    [33mclass[39m=[32m"op-tabs"[39m
    [33mrole[39m=[32m"tablist"[39m
  [36m/>[39m

  --------------------------------------------------
  tab:

  Name "Översikt":
  [36m<button[39m
    [33maria-selected[39m=[32m"true"[39m
    [33mclass[39m=[32m"is-active"[39m
    [33mrole[39m=[32m"tab"[39m
  [36m/>[39m

  Name "Tillgångar1":
  [36m<button[39m
    [33maria-selected[39m=[32m"false"[39m
    [33mclass[39m=[32m""[39m
    [33mrole[39m=[32m"tab"[39m
  [36m/>[39m

  Name "Omvärld1":
  [36m<button[39m
    [33maria-selected[39m=[32m"false"[39m
    [33mclass[39m=[32m""[39m
    [33mrole[39m=[32m"tab"[39m
  [36m/>[39m

  Name "Hot1":
  [36m<button[39m
    [33maria-selected[39m=[32m"false"[39m
    [33mclass[39m=[32m""[39m
    [33mrole[39m=[32m"tab"[39m
  [36m/>[39m

  Name "Fynd1":
  [36m<button[39m
    [33maria-selected[39m=[32m"false"[39m
    [33mclass[39m=[32m""[39m
    [33mrole[39m=[32m"tab"[39m
  [36m/>[39m

  Name "Risker1":
  [36m<button[39m
    [33maria-selected[39m=[32m"false"[39m
    [33mclass[39m=[32m""[39m
    [33mrole[39m=[32m"tab"[39m
  [36m/>[39m

  Name "Arkitektur":
  [36m<button[39m
    [33maria-selected[39m=[32m"false"[39m
    [33mclass[39m=[32m""[39m
    [33mrole[39m=[32m"tab"[39m
  [36m/>[39m

  Name "Rapporter0":
  [36m<button[39m
    [33maria-selected[39m=[32m"false"[39m
    [33mclass[39m=[32m""[39m
    [33mrole[39m=[32m"tab"[39m
  [36m/>[39m

  --------------------------------------------------
  complementary:

  Name "":
  [36m<aside[39m
    [33mclass[39m=[32m"op-inspector"[39m
  [36m/>[39m

  --------------------------------------------------

Ignored nodes: comments, script, style
[36m<body>[39m
  [36m<div>[39m
    [36m<main[39m
      [33mclass[39m=[32m"op-workspace"[39m
    [36m>[39m
      [36m<header[39m
        [33mclass[39m=[32m"op-heading"[39m
      [36m>[39m
        [36m<div>[39m
          [36m<span[39m
            [33mclass[39m=[32m"eyebrow"[39m
          [36m>[39m
            [0mOPERATIV ANALYSKEDJA[0m
          [36m</span>[39m
          [36m<h1>[39m
            [0mSäkerhetsöversikt[0m
          [36m</h1>[39m
          [36m<p>[39m
            [0mTidigare skanningar och beständig analysdata, med tydlig källstatus och osäkerhet.[0m
          [36m</p>[39m
        [36m</div>[39m
        [36m<button[39m
          [33mclass[39m=[32m"secondary-button"[39m
        [36m>[39m
          [36m<svg[39m
            [33maria-hidden[39m=[32m"true"[39m
            [33mfill[39m=[32m"none"[39m
            [33mheight[39m=[32m"16"[39m
            [33mstroke[39m=[32m"currentColor"[39m
            [33mstroke-linecap[39m=[32m"round"[39m
            [33mstroke-linejoin[39m=[32m"round"[39m
            [33mstroke-width[39m=[32m"1.8"[39m
            [33mviewBox[39m=[32m"0 0 24 24"[39m
            [33mwidth[39m=[32m"16"[39m
          [36m>[39m
            [36m<path[39m
              [33md[39m=[32m"M4 12a8 8 0 1 0 2.3-5.7L4 8.6"[39m
            [36m/>[39m
            [36m<path[39m
              [33md[39m=[32m"M4 4v4.6h4.6M12 8v4l3 2"[39m
            [36m/>[39m
          [36m</svg>[39m
          [0m Uppdatera[0m
        [36m</button>[39m
      [36m</header>[39m
      [36m<div[39m
        [33mclass[39m=[32m"op-safety-banner"[39m
        [33mrole[39m=[32m"note"[39m
      [36m>[39m
        [36m<svg[39m
          [33maria-hidden[39m=[32m"true"[39m
          [33mfill[39m=[32m"none"[39m
          [33mheight[39m=[32m"19"[39m
          [33mstroke[39m=[32m"currentColor"[39m
          [33mstroke-linecap[39m=[32m"round"[39m
          [33mstroke-linejoin[39m=[32m"round"[39m
          [33mstroke-width[39m=[32m"1.8"[39m
          [33mviewBox[39m=[32m"0 0 24 24"[39m
          [33mwidth[39m=[32m"19"[39m
        [36m>[39m
          [36m<path[39m
            [33md[39m=[32m"M12 3 4 7v5c0 4.7 3.3 8.2 8 9 4.7-.8 8-4.3 8-9V7l-8-4Z"[39m
          [36m/>[39m
          [36m<path[39m
            [33md[39m=[32m"M9 12h6M12 9v6"[39m
          [36m/>[39m
        [36m</svg>[39m
        [36m<div>[39m
          [36m<strong>[39m
            [0mAuktoriserad användning krävs[0m
          [36m</strong>[39m
          [36m<p>[39m
            [0mEndast system du äger eller uttryckligen får testa får skannas. En köad skanning är inte bevis på att en worker kör, och ett öppet portfynd är inte bevis på exponering eller exploaterbarhet.[0m
          [36m</p>[39m
        [36m</div>[39m
      [36m</div>[39m
      [36m<div[39m
        [33maria-label[39m=[32m"Aktiv behörighetskontext"[39m
        [33mclass[39m=[32m"op-principal"[39m
      [36m>[39m
        [36m<span>[39m
          [36m<svg[39m
            [33maria-hidden[39m=[32m"true"[39m
            [33mfill[39m=[32m"none"[39m
            [33mheight[39m=[32m"15"[39m
            [33mstroke[39m=[32m"currentColor"[39m
            [33mstroke-linecap[39m=[32m"round"[39m
            [33mstroke-linejoin[39m=[32m"round"[39m
            [33mstroke-width[39m=[32m"1.8"[39m
            [33mviewBox[39m=[32m"0 0 24 24"[39m
            [33mwidth[39m=[32m"15"[39m
          [36m>[39m
            [36m<circle[39m
              [33mcx[39m=[32m"12"[39m
              [33mcy[39m=[32m"8"[39m
              [33mr[39m=[32m"4"[39m
            [36m/>[39m
            [36m<path[39m
              [33md[39m=[32m"M4 21c.5-4.2 3.2-6.5 8-6.5s7.5 2.3 8 6.5"[39m
            [36m/>[39m
          [36m</svg>[39m
        [36m</span>[39m
        [36m<div>[39m
          [36m<strong>[39m
            [0mNorth-Bridge Security[0m
          [36m</strong>[39m
          [36m<small>[39m
            [0madmin, analyst[0m
            [0m ·[0m
            [0m [0m
            [0morganisationsomfattande[0m
          [36m</small>[39m
        [36m</div>[39m
      [36m</div>[39m
      [36m<section[39m
        [33maria-label[39m=[32m"Projekt och system"[39m
        [33mclass[39m=[32m"op-context panel"[39m
      [36m>[39m
        [36m<div[39m
          [33mclass[39m=[32m"op-context__selectors"[39m
        [36m>[39m
          [36m<label>[39m
            [36m<span>[39m
              [0mProjekt[0m
            [36m</span>[39m
            [36m<select[39m
              [33maria-label[39m=[32m"Valt projekt"[39m
            [36m>[39m
              [36m<option[39m
                [33mvalue[39m=[32m""[39m
              [36m>[39m
                [0mVälj projekt[0m
              [36m</option>[39m
              [36m<option[39m
                [33mvalue[39m=[32m"project-1"[39m
              [36m>[39m
                [0mBetalplattform[0m
              [36m</option>[39m
            [36m</select>[39m
          [36m</label>[39m
          [36m<label>[39m
            [36m<span>[39m
              [0mSystem[0m
            [36m</span>[39m
            [36m<select[39m
              [33maria-label[39m=[32m"Valt system"[39m
            [36m>[39m
              [36m<option[39m
                [33mvalue[39m=[32m""[39m
              [36m>[39m
                [0mVälj system[0m
              [36m</option>[39m
              [36m<option[39m
                [33mvalue[39m=[32m"system-1"[39m
              [36m>[39m
                [0mPayment API[0m
              [36m</option>[39m
            [36m</select>[39m
          [36m</label>[39m
          [36m<div[39m
            [33mclass[39m=[32m"op-context__state"[39m
          [36m>[39m
            [36m<span>[39m
              [0mAPI-data inläst[0m
            [36m</span>[39m
            [36m<small>[39m
              [0mIngen kontinuerlig liveinsamling hävdas.[0m
            [36m</small>[39m
          [36m</div>[39m
        [36m</div>[39m
        [36m<div[39m
          [33mclass[39m=[32m"op-create-grid"[39m
        [36m>[39m
          [36m<details[39m
            [33mopen[39m=[32m""[39m
          [36m>[39m
            [36m<summary>[39m
              [0mNytt projekt[0m
            [36m</summary>[39m
            [36m<form>[39m
              [36m<label>[39m
                [36m<span>[39m
                  [0mNamn[0m
                [36m</span>[39m
                [36m<input[39m
                  [33mminlength[39m=[32m"2"[39m
                  [33mrequired[39m=[32m""[39m
                  [33mvalue[39m=[32m""[39m
                [36m/>[39m
              [36m</label>[39m
              [36m<label>[39m
                [36m<span>[39m
 ...
[90m [2m❯[22m Object.getElementError node_modules/@testing-library/dom/dist/config.js:[2m37:19[22m[39m
[90m [2m❯[22m node_modules/@testing-library/dom/dist/query-helpers.js:[2m76:38[22m[39m
[90m [2m❯[22m node_modules/@testing-library/dom/dist/query-helpers.js:[2m52:17[22m[39m
[90m [2m❯[22m node_modules/@testing-library/dom/dist/query-helpers.js:[2m95:19[22m[39m
[36m [2m❯[22m src/components/OperationalWorkspace.test.tsx:[2m1647:29[22m[39m
    [90m1645|[39m     [35mawait[39m screen[33m.[39m[34mfindByRole[39m([32m'heading'[39m[33m,[39m { name[33m:[39m [32m'Payment API'[39m })[33m;[39m
    [90m1646|[39m
    [90m1647|[39m     await user.click(screen.getByRole('button', { name: 'Köa rapport' …
    [90m   |[39m                             [31m^[39m
    [90m1648|[39m     await waitFor(() => expect(api.enqueueReport).toHaveBeenCalledTime…
    [90m1649|[39m     await user.click(screen.getByRole('button', { name: 'Köa rapport' …

[31m[2m⎯⎯⎯⎯⎯⎯⎯⎯⎯⎯⎯⎯⎯⎯⎯⎯⎯⎯⎯⎯⎯⎯⎯⎯[3/3]⎯[22m[39m


[2m Test Files [22m [1m[31m1 failed[39m[22m[2m | [22m[1m[32m4 passed[39m[22m[90m (5)[39m
[2m      Tests [22m [1m[31m3 failed[39m[22m[2m | [22m[1m[32m52 passed[39m[22m[90m (55)[39m
[2m   Start at [22m 07:35:23
[2m   Duration [22m 14.21s[2m (transform 746ms, setup 1.15s, import 1.78s, tests 14.40s, environment 5.15s)[22m


::error file=/home/runner/work/traceless/traceless/apps/web/src/components/OperationalWorkspace.test.tsx,title=src/components/OperationalWorkspace.test.tsx > OperationalWorkspace > syncs configured intelligence and creates a checksummed report download,line=1559,column=29::TestingLibraryElementError: Unable to find an accessible element with the role "button" and name "Köa rapport"%0A%0AHere are the accessible roles:%0A%0A  main:%0A%0A  Name "":%0A  <main%0A    class="op-workspace"%0A  />%0A%0A  --------------------------------------------------%0A  banner:%0A%0A  Name "":%0A  <header%0A    class="op-heading"%0A  />%0A%0A  Name "":%0A  <header />%0A%0A  Name "":%0A  <header />%0A%0A  Name "":%0A  <header />%0A%0A  Name "":%0A  <header />%0A%0A  Name "":%0A  <header%0A    class="op-section-heading"%0A  />%0A%0A  Name "":%0A  <header%0A    class="op-section-heading"%0A  />%0A%0A  --------------------------------------------------%0A  heading:%0A%0A  Name "Säkerhetsöversikt":%0A  <h1 />%0A%0A  Name "Payment API":%0A  <h2 />%0A%0A  Name "Tidsbegränsad skanningsauktorisering":%0A  <h2 />%0A%0A  Name "Skanning eller säker import":%0A  <h2 />%0A%0A  Name "Synkronisera hot- och exploateringsdata":%0A  <h2 />%0A%0A  Name "Skapa fryst rapportunderlag":%0A  <h2 />%0A%0A  Name "Bakgrundsjobb för valt system":%0A  <h2 />%0A%0A  Name "Skanningar":%0A  <h2 />%0A%0A  Name "Slutförd":%0A  <h3 />%0A%0A  --------------------------------------------------%0A  paragraph:%0A%0A  Name "":%0A  <p />%0A%0A  Name "":%0A  <p />%0A%0A  Name "":%0A  <p />%0A%0A  Name "":%0A  <p%0A    class="op-caveat"%0A  />%0A%0A  Name "":%0A  <p%0A    class="op-caveat"%0A  />%0A%0A  Name "":%0A  <p />%0A%0A  --------------------------------------------------%0A  button:%0A%0A  Name "Uppdatera":%0A  <button%0A    class="secondary-button"%0A  />%0A%0A  Name "Skapa projekt":%0A  <button%0A    class="secondary-button"%0A  />%0A%0A  Name "Skapa system":%0A  <button%0A    class="secondary-button"%0A  />%0A%0A  Name "Skapa auktorisering":%0A  <button%0A    class="primary-button"%0A    disabled=""%0A  />%0A%0A  Name "Köa extern Nmap-worker":%0A  <button%0A    class="primary-button"%0A    disabled=""%0A  />%0A%0A  Name "Validera och importera XML":%0A  <button%0A    class="secondary-button"%0A    disabled=""%0A  />%0A%0A  Name "NetBox inventory Read-only, ogranskat källsnapshot":%0A  <button />%0A%0A  Name "NVD CVE 2.0 CPE-träff skapar endast kandidater":%0A  <button />%0A%0A  Name "CISA KEV Katalogmedlemskap, inte poäng":%0A  <button />%0A%0A  Name "FIRST EPSS Sannolikhet, inte verifierad exploatering":%0A  <button />%0A%0A  Name "Intern hotfeed Kräver serverkonfigurerad källa":%0A  <button />%0A%0A  Name "Markera alla":%0A  <button%0A    class="secondary-button"%0A    type="button"%0A  />%0A%0A  Name "Återställ profil":%0A  <button%0A    class="secondary-button"%0A    type="button"%0A  />%0A%0A  Name "Avmarkera alla":%0A  <button%0A    class="secondary-button"%0A    type="button"%0A  />%0A%0A  Name "Köa rapport (3 delar)":%0A  <button%0A    class="primary-button"%0A  />%0A%0A  Name "Importerad Nmap XML17 juli 2026 12:00 · Slutförd":%0A  <button%0A    class="is-selected"%0A  />%0A%0A  --------------------------------------------------%0A  note:%0A%0A  Name "":%0A  <div%0A    class="op-safety-banner"%0A    role="note"%0A  />%0A%0A  --------------------------------------------------%0A  strong:%0A%0A  Name "":%0A  <strong />%0A%0A  Name "":%0A  <strong />%0A%0A  Name "":%0A  <strong />%0A%0A  Name "":%0A  <strong />%0A%0A  Name "":%0A  <strong />%0A%0A  Name "":%0A  <strong />%0A%0A  Name "":%0A  <strong />%0A%0A  Name "":%0A  <strong />%0A%0A  Name "":%0A  <strong />%0A%0A  Name "":%0A  <strong />%0A%0A  Name "":%0A  <strong />%0A%0A  Name "":%0A  <strong />%0A%0A  Name "":%0A  <strong />%0A%0A  Name "":%0A  <strong />%0A%0A  Name "":%0A  <strong />%0A%0A  Name "":%0A  <strong />%0A%0A  Name "":%0A  <strong />%0A%0A  Name "":%0A  <strong />%0A%0A  Name "":%0A  <strong />%0A%0A  Name "":%0A  <strong />%0A%0A  Name "":%0A  <strong />%0A%0A  Name "":%0A  <strong />%0A%0A  Name "":%0A  <strong />%0A%0A  Name "":%0A  <strong />%0A%0A  Name "":%0A  <strong />%0A%0A  Name "":%0A  <strong />%0A%0A  --------------------------------------------------%0A  region:%0A%0A  Name "Projekt och system":%0A  <section%0A    aria-label="Projekt och system"%0A    class="op-context panel"%0A  />%0A%0A  Name "Operativ sammanfattning":%0A  <section%0A    aria-label="Operativ sammanfattning"%0A    class="op-metrics"%0A  />%0A%0A  Name "Analyskedja":%0A  <section%0A    aria-label="Analyskedja"%0A    class="op-pipeline panel"%0A  />%0A%0A  Name "Bakgrundsjobb":%0A  <section%0A    aria-label="Bakgrundsjobb"%0A    class="panel op-import-history"%0A  />%0A%0A  --------------------------------------------------%0A  combobox:%0A%0A  Name "Valt projekt":%0A  <select%0A    aria-label="Valt projekt"%0A  />%0A%0A  Name "Valt system":%0A  <select%0A    aria-label="Valt system"%0A  />%0A%0A  Name "Kritikalitet":%0A  <select />%0A%0A  Name "Fast profil":%0A  <select />%0A%0A  Name "Rapporttyp":%0A  <select />%0A%0A  Name "Format":%0A  <select />%0A%0A  --------------------------------------------------%0A  option:%0A%0A  Name "Välj projekt":%0A  <option%0A    value=""%0A  />%0A%0A  Name "Betalplattform":%0A  <option%0A    value="project-1"%0A  />%0A%0A  Name "Välj system":%0A  <option%0A    value=""%0A  />%0A%0A  Name "Payment API":%0A  <option%0A    value="system-1"%0A  />%0A%0A  Name "Låg":%0A  <option%0A    value="low"%0A  />%0A%0A  Name "Medel":%0A  <option%0A    value="medium"%0A  />%0A%0A  Name "Hög":%0A  <option%0A    value="high"%0A  />%0A%0A  Name "Kritisk":%0A  <option%0A    value="critical"%0A  />%0A%0A  Name "Discovery":%0A  <option%0A    value="discovery"%0A  />%0A%0A  Name "Service inventory":%0A  <option%0A    value="service_inventory"%0A  />%0A%0A  Name "Ledning":%0A  <option%0A    value="management"%0A  />%0A%0A  Name "Teknisk":%0A  <option%0A    value="technical"%0A  />%0A%0A  Name "Riskregister":%0A  <option%0A    value="risk_register"%0A  />%0A%0A  Name "PDF":%0A  <option%0A    value="pdf"%0A  />%0A%0A  Name "JSON":%0A  <option%0A    value="json"%0A  />%0A%0A  Name "CSV":%0A  <option%0A    value="csv"%0A  />%0A%0A  --------------------------------------------------%0A  group:%0A%0A  Name "":%0A  <details%0A    open=""%0A  />%0A%0A  Name "":%0A  <details%0A    open=""%0A  />%0A%0A  Name "Välj vad som ska ingå":%0A  <fieldset%0A    class="op-report-builder"%0A  />%0A%0A  --------------------------------------------------%0A  textbox:%0A%0A  Name "Namn":%0A  <input%0A    minlength="2"%0A    required=""%0A    value=""%0A  />%0A%0A  Name "Beskrivning":%0A  <input%0A    value=""%0A  />%0A%0A  Name "Namn":%0A  <input%0A    minlength="2"%0A    required=""%0A    value=""%0A  />%0A%0A  Name "Ägare":%0A  <input%0A    minlength="2"%0A    required=""%0A    value=""%0A  />%0A%0A  Name "Beskrivning":%0A  <input%0A    value=""%0A  />%0A%0A  Name "IP eller CIDR, en per rad":%0A  <textarea%0A    placeholder="Ange ett uttryckligen godkänt mål"%0A    required=""%0A  />%0A%0A  Name "Godkänd av":%0A  <input%0A    minlength="2"%0A    required=""%0A    value=""%0A  />%0A%0A  Name "Syfte":%0A  <textarea%0A    minlength="10"%0A    required=""%0A  />%0A%0A  --------------------------------------------------%0A  status:%0A%0A  Name "":%0A  <div%0A    class="op-feedback op-feedback--success"%0A    role="status"%0A  />%0A%0A  --------------------------------------------------%0A  term:%0A%0A  Name "":%0A  <dt />%0A%0A  Name "":%0A  <dt />%0A%0A  Name "":%0A  <dt />%0A%0A  Name "":%0A  <dt />%0A%0A  Name "":%0A  <dt />%0A%0A  Name "":%0A  <dt />%0A%0A  Name "":%0A  <dt />%0A%0A  --------------------------------------------------%0A  definition:%0A%0A  Name "":%0A  <dd />%0A%0A  Name "":%0A  <dd />%0A%0A  Name "":%0A  <dd%0A    class="mono"%0A  />%0A%0A  Name "":%0A  <dd />%0A%0A  Name "":%0A  <dd />%0A%0A  Name "":%0A  <dd />%0A%0A  Name "":%0A  <dd />%0A%0A  --------------------------------------------------%0A  article:%0A%0A  Name "":%0A  <article />%0A%0A  Name "":%0A  <article />%0A%0A  Name "":%0A  <article />%0A%0A  Name "":%0A  <article />%0A%0A  Name "":%0A  <article />%0A%0A  Name "":%0A  <article />%0A%0A  Name "":%0A  <article%0A    class="panel op-control-card op-control-card--wide"%0A  />%0A%0A  Name "":%0A  <article%0A    class="panel op-control-card"%0A  />%0A%0A  Name "":%0A  <article%0A    class="panel op-control-card"%0A  />%0A%0A  Name "":%0A  <article%0A    class="panel op-control-card"%0A  />%0A%0A  --------------------------------------------------%0A  checkbox:%0A%0A  Name "Jag bekräftar att jag har tillstånd att skanna angivna mål.":%0A  <input%0A    type="checkbox"%0A  />%0A%0A  Name "SammanfattningNyckeltal och övergripande slutsats.":%0A  <input%0A    checked=""%0A    type="checkbox"%0A  />%0A%0A  Name "Scope och metodOmfattning, datakällor och bedömningsmetod.":%0A  <input%0A    type="checkbox"%0A  />%0A%0A  Name "ArkitekturSenaste frysta arkitektur- och skanningskontext.":%0A  <input%0A    type="checkbox"%0A  />%0A%0A  Name "Tillgångar och tjänsterObserverade systemkomponenter och exponerade tjänster.":%0A  <input%0A    type="checkbox"%0A  />%0A%0A  Name "FyndTekniska fynd med status, CVE, CVSS och evidens.":%0A  <input%0A    type="checkbox"%0A  />%0A%0A  Name "Hotbild och ATT&CKMatchad hotinformation och MITRE ATT&CK.":%0A  <input%0A    type="checkbox"%0A  />%0A%0A  Name "RiskerPrioriterade och historiska riskbedömningar.":%0A  <input%0A    checked=""%0A    type="checkbox"%0A  />%0A%0A  Name "ScannerobservationerImporterade leverantörsobservationer och rådata.":%0A  <input%0A    type="checkbox"%0A  />%0A%0A  Name "BegränsningarOsäkerheter, antaganden och valideringsbehov.":%0A  <input%0A    checked=""%0A    type="checkbox"%0A  />%0A%0A  --------------------------------------------------%0A  tablist:%0A%0A  Name "Operativ data":%0A  <div%0A    aria-label="Operativ data"%0A    class="op-tabs"%0A    role="tablist"%0A  />%0A%0A  --------------------------------------------------%0A  tab:%0A%0A  Name "Översikt":%0A  <button%0A    aria-selected="true"%0A    class="is-active"%0A    role="tab"%0A  />%0A%0A  Name "Tillgångar1":%0A  <button%0A    aria-selected="false"%0A    class=""%0A    role="tab"%0A  />%0A%0A  Name "Omvärld1":%0A  <button%0A    aria-selected="false"%0A    class=""%0A    role="tab"%0A  />%0A%0A  Name "Hot1":%0A  <button%0A    aria-selected="false"%0A    class=""%0A    role="tab"%0A  />%0A%0A  Name "Fynd1":%0A  <button%0A    aria-selected="false"%0A    class=""%0A    role="tab"%0A  />%0A%0A  Name "Risker1":%0A  <button%0A    aria-selected="false"%0A    class=""%0A    role="tab"%0A  />%0A%0A  Name "Arkitektur":%0A  <button%0A    aria-selected="false"%0A    class=""%0A    role="tab"%0A  />%0A%0A  Name "Rapporter1":%0A  <button%0A    aria-selected="false"%0A    class=""%0A    role="tab"%0A  />%0A%0A  --------------------------------------------------%0A  complementary:%0A%0A  Name "":%0A  <aside%0A    class="op-inspector"%0A  />%0A%0A  --------------------------------------------------%0A%0AIgnored nodes: comments, script, style%0A<body>%0A  <div>%0A    <main%0A      class="op-workspace"%0A    >%0A      <header%0A        class="op-heading"%0A      >%0A        <div>%0A          <span%0A            class="eyebrow"%0A          >%0A            OPERATIV ANALYSKEDJA%0A          </span>%0A          <h1>%0A            Säkerhetsöversikt%0A          </h1>%0A          <p>%0A            Tidigare skanningar och beständig analysdata, med tydlig källstatus och osäkerhet.%0A          </p>%0A        </div>%0A        <button%0A          class="secondary-button"%0A        >%0A          <svg%0A            aria-hidden="true"%0A            fill="none"%0A            height="16"%0A            stroke="currentColor"%0A            stroke-linecap="round"%0A            stroke-linejoin="round"%0A            stroke-width="1.8"%0A            viewBox="0 0 24 24"%0A            width="16"%0A          >%0A            <path%0A              d="M4 12a8 8 0 1 0 2.3-5.7L4 8.6"%0A            />%0A            <path%0A              d="M4 4v4.6h4.6M12 8v4l3 2"%0A            />%0A          </svg>%0A           Uppdatera%0A        </button>%0A      </header>%0A      <div%0A        class="op-safety-banner"%0A        role="note"%0A      >%0A        <svg%0A          aria-hidden="true"%0A          fill="none"%0A          height="19"%0A          stroke="currentColor"%0A          stroke-linecap="round"%0A          stroke-linejoin="round"%0A          stroke-width="1.8"%0A          viewBox="0 0 24 24"%0A          width="19"%0A        >%0A          <path%0A            d="M12 3 4 7v5c0 4.7 3.3 8.2 8 9 4.7-.8 8-4.3 8-9V7l-8-4Z"%0A          />%0A          <path%0A            d="M9 12h6M12 9v6"%0A          />%0A        </svg>%0A        <div>%0A          <strong>%0A            Auktoriserad användning krävs%0A          </strong>%0A          <p>%0A            Endast system du äger eller uttryckligen får testa får skannas. En köad skanning är inte bevis på att en worker kör, och ett öppet portfynd är inte bevis på exponering eller exploaterbarhet.%0A          </p>%0A        </div>%0A      </div>%0A      <div%0A        aria-label="Aktiv behörighetskontext"%0A        class="op-principal"%0A      >%0A        <span>%0A          <svg%0A            aria-hidden="true"%0A            fill="none"%0A            height="15"%0A            stroke="currentColor"%0A            stroke-linecap="round"%0A            stroke-linejoin="round"%0A            stroke-width="1.8"%0A            viewBox="0 0 24 24"%0A            width="15"%0A          >%0A            <circle%0A              cx="12"%0A              cy="8"%0A              r="4"%0A            />%0A            <path%0A              d="M4 21c.5-4.2 3.2-6.5 8-6.5s7.5 2.3 8 6.5"%0A            />%0A          </svg>%0A        </span>%0A        <div>%0A          <strong>%0A            North-Bridge Security%0A          </strong>%0A          <small>%0A            admin, analyst%0A             ·%0A             %0A            organisationsomfattande%0A          </small>%0A        </div>%0A      </div>%0A      <section%0A        aria-label="Projekt och system"%0A        class="op-context panel"%0A      >%0A        <div%0A          class="op-context__selectors"%0A        >%0A          <label>%0A            <span>%0A              Projekt%0A            </span>%0A            <select%0A              aria-label="Valt projekt"%0A            >%0A              <option%0A                value=""%0A              >%0A                Välj projekt%0A              </option>%0A              <option%0A                value="project-1"%0A              >%0A                Betalplattform%0A              </option>%0A            </select>%0A          </label>%0A          <label>%0A            <span>%0A              System%0A            </span>%0A            <select%0A              aria-label="Valt system"%0A            >%0A              <option%0A                value=""%0A              >%0A                Välj system%0A              </option>%0A              <option%0A                value="system-1"%0A              >%0A                Payment API%0A              </option>%0A            </select>%0A          </label>%0A          <div%0A            class="op-context__state"%0A          >%0A            <span>%0A              API-data inläst%0A            </span>%0A            <small>%0A              Ingen kontinuerlig liveinsamling hävdas.%0A            </small>%0A          </div>%0A        </div>%0A        <div%0A          class="op-create-grid"%0A        >%0A          <details%0A            open=""%0A          >%0A            <summary>%0A              Nytt projekt%0A            </summary>%0A            <form>%0A              <label>%0A                <span>%0A                  Namn%0A                </span>%0A                <input%0A                  minlength="2"%0A                  required=""%0A                  value=""%0A                />%0A              </label>%0A              <label>%0A                <span>%0A ...%0A ❯ Object.getElementError node_modules/@testing-library/dom/dist/config.js:37:19%0A ❯ node_modules/@testing-library/dom/dist/query-helpers.js:76:38%0A ❯ node_modules/@testing-library/dom/dist/query-helpers.js:52:17%0A ❯ node_modules/@testing-library/dom/dist/query-helpers.js:95:19%0A ❯ src/components/OperationalWorkspace.test.tsx:1559:29%0A%0A

::error file=/home/runner/work/traceless/traceless/apps/web/src/components/OperationalWorkspace.test.tsx,title=src/components/OperationalWorkspace.test.tsx > OperationalWorkspace > refreshes a completed job exactly once before publishing terminal state,line=1612,column=29::TestingLibraryElementError: Unable to find an accessible element with the role "button" and name "Köa rapport"%0A%0AHere are the accessible roles:%0A%0A  main:%0A%0A  Name "":%0A  <main%0A    class="op-workspace"%0A  />%0A%0A  --------------------------------------------------%0A  banner:%0A%0A  Name "":%0A  <header%0A    class="op-heading"%0A  />%0A%0A  Name "":%0A  <header />%0A%0A  Name "":%0A  <header />%0A%0A  Name "":%0A  <header />%0A%0A  Name "":%0A  <header />%0A%0A  Name "":%0A  <header%0A    class="op-section-heading"%0A  />%0A%0A  Name "":%0A  <header%0A    class="op-section-heading"%0A  />%0A%0A  --------------------------------------------------%0A  heading:%0A%0A  Name "Säkerhetsöversikt":%0A  <h1 />%0A%0A  Name "Payment API":%0A  <h2 />%0A%0A  Name "Tidsbegränsad skanningsauktorisering":%0A  <h2 />%0A%0A  Name "Skanning eller säker import":%0A  <h2 />%0A%0A  Name "Synkronisera hot- och exploateringsdata":%0A  <h2 />%0A%0A  Name "Skapa fryst rapportunderlag":%0A  <h2 />%0A%0A  Name "Bakgrundsjobb för valt system":%0A  <h2 />%0A%0A  Name "Skanningar":%0A  <h2 />%0A%0A  --------------------------------------------------%0A  paragraph:%0A%0A  Name "":%0A  <p />%0A%0A  Name "":%0A  <p />%0A%0A  Name "":%0A  <p />%0A%0A  Name "":%0A  <p%0A    class="op-caveat"%0A  />%0A%0A  Name "":%0A  <p%0A    class="op-caveat"%0A  />%0A%0A  Name "":%0A  <p />%0A%0A  Name "":%0A  <p />%0A%0A  Name "":%0A  <p />%0A%0A  --------------------------------------------------%0A  button:%0A%0A  Name "Uppdatera":%0A  <button%0A    class="secondary-button"%0A  />%0A%0A  Name "Skapa projekt":%0A  <button%0A    class="secondary-button"%0A  />%0A%0A  Name "Skapa system":%0A  <button%0A    class="secondary-button"%0A  />%0A%0A  Name "Skapa auktorisering":%0A  <button%0A    class="primary-button"%0A    disabled=""%0A  />%0A%0A  Name "Köa extern Nmap-worker":%0A  <button%0A    class="primary-button"%0A    disabled=""%0A  />%0A%0A  Name "Validera och importera XML":%0A  <button%0A    class="secondary-button"%0A    disabled=""%0A  />%0A%0A  Name "NetBox inventory Read-only, ogranskat källsnapshot":%0A  <button />%0A%0A  Name "NVD CVE 2.0 CPE-träff skapar endast kandidater":%0A  <button />%0A%0A  Name "CISA KEV Katalogmedlemskap, inte poäng":%0A  <button />%0A%0A  Name "FIRST EPSS Sannolikhet, inte verifierad exploatering":%0A  <button />%0A%0A  Name "Intern hotfeed Kräver serverkonfigurerad källa":%0A  <button />%0A%0A  Name "Markera alla":%0A  <button%0A    class="secondary-button"%0A    type="button"%0A  />%0A%0A  Name "Återställ profil":%0A  <button%0A    class="secondary-button"%0A    type="button"%0A  />%0A%0A  Name "Avmarkera alla":%0A  <button%0A    class="secondary-button"%0A    type="button"%0A  />%0A%0A  Name "Köa rapport (3 delar)":%0A  <button%0A    class="primary-button"%0A  />%0A%0A  --------------------------------------------------%0A  note:%0A%0A  Name "":%0A  <div%0A    class="op-safety-banner"%0A    role="note"%0A  />%0A%0A  --------------------------------------------------%0A  strong:%0A%0A  Name "":%0A  <strong />%0A%0A  Name "":%0A  <strong />%0A%0A  Name "":%0A  <strong />%0A%0A  Name "":%0A  <strong />%0A%0A  Name "":%0A  <strong />%0A%0A  Name "":%0A  <strong />%0A%0A  Name "":%0A  <strong />%0A%0A  Name "":%0A  <strong />%0A%0A  Name "":%0A  <strong />%0A%0A  Name "":%0A  <strong />%0A%0A  Name "":%0A  <strong />%0A%0A  Name "":%0A  <strong />%0A%0A  Name "":%0A  <strong />%0A%0A  Name "":%0A  <strong />%0A%0A  Name "":%0A  <strong />%0A%0A  Name "":%0A  <strong />%0A%0A  Name "":%0A  <strong />%0A%0A  Name "":%0A  <strong />%0A%0A  Name "":%0A  <strong />%0A%0A  Name "":%0A  <strong />%0A%0A  Name "":%0A  <strong />%0A%0A  Name "":%0A  <strong />%0A%0A  Name "":%0A  <strong />%0A%0A  Name "":%0A  <strong />%0A%0A  Name "":%0A  <strong />%0A%0A  --------------------------------------------------%0A  region:%0A%0A  Name "Projekt och system":%0A  <section%0A    aria-label="Projekt och system"%0A    class="op-context panel"%0A  />%0A%0A  Name "Operativ sammanfattning":%0A  <section%0A    aria-label="Operativ sammanfattning"%0A    class="op-metrics"%0A  />%0A%0A  Name "Analyskedja":%0A  <section%0A    aria-label="Analyskedja"%0A    class="op-pipeline panel"%0A  />%0A%0A  Name "Bakgrundsjobb":%0A  <section%0A    aria-label="Bakgrundsjobb"%0A    class="panel op-import-history"%0A  />%0A%0A  --------------------------------------------------%0A  combobox:%0A%0A  Name "Valt projekt":%0A  <select%0A    aria-label="Valt projekt"%0A  />%0A%0A  Name "Valt system":%0A  <select%0A    aria-label="Valt system"%0A  />%0A%0A  Name "Kritikalitet":%0A  <select />%0A%0A  Name "Fast profil":%0A  <select />%0A%0A  Name "Rapporttyp":%0A  <select />%0A%0A  Name "Format":%0A  <select />%0A%0A  --------------------------------------------------%0A  option:%0A%0A  Name "Välj projekt":%0A  <option%0A    value=""%0A  />%0A%0A  Name "Betalplattform":%0A  <option%0A    value="project-1"%0A  />%0A%0A  Name "Välj system":%0A  <option%0A    value=""%0A  />%0A%0A  Name "Payment API":%0A  <option%0A    value="system-1"%0A  />%0A%0A  Name "Låg":%0A  <option%0A    value="low"%0A  />%0A%0A  Name "Medel":%0A  <option%0A    value="medium"%0A  />%0A%0A  Name "Hög":%0A  <option%0A    value="high"%0A  />%0A%0A  Name "Kritisk":%0A  <option%0A    value="critical"%0A  />%0A%0A  Name "Discovery":%0A  <option%0A    value="discovery"%0A  />%0A%0A  Name "Service inventory":%0A  <option%0A    value="service_inventory"%0A  />%0A%0A  Name "Ledning":%0A  <option%0A    value="management"%0A  />%0A%0A  Name "Teknisk":%0A  <option%0A    value="technical"%0A  />%0A%0A  Name "Riskregister":%0A  <option%0A    value="risk_register"%0A  />%0A%0A  Name "PDF":%0A  <option%0A    value="pdf"%0A  />%0A%0A  Name "JSON":%0A  <option%0A    value="json"%0A  />%0A%0A  Name "CSV":%0A  <option%0A    value="csv"%0A  />%0A%0A  --------------------------------------------------%0A  group:%0A%0A  Name "":%0A  <details%0A    open=""%0A  />%0A%0A  Name "":%0A  <details%0A    open=""%0A  />%0A%0A  Name "Välj vad som ska ingå":%0A  <fieldset%0A    class="op-report-builder"%0A  />%0A%0A  --------------------------------------------------%0A  textbox:%0A%0A  Name "Namn":%0A  <input%0A    minlength="2"%0A    required=""%0A    value=""%0A  />%0A%0A  Name "Beskrivning":%0A  <input%0A    value=""%0A  />%0A%0A  Name "Namn":%0A  <input%0A    minlength="2"%0A    required=""%0A    value=""%0A  />%0A%0A  Name "Ägare":%0A  <input%0A    minlength="2"%0A    required=""%0A    value=""%0A  />%0A%0A  Name "Beskrivning":%0A  <input%0A    value=""%0A  />%0A%0A  Name "IP eller CIDR, en per rad":%0A  <textarea%0A    placeholder="Ange ett uttryckligen godkänt mål"%0A    required=""%0A  />%0A%0A  Name "Godkänd av":%0A  <input%0A    minlength="2"%0A    required=""%0A    value=""%0A  />%0A%0A  Name "Syfte":%0A  <textarea%0A    minlength="10"%0A    required=""%0A  />%0A%0A  --------------------------------------------------%0A  term:%0A%0A  Name "":%0A  <dt />%0A%0A  Name "":%0A  <dt />%0A%0A  Name "":%0A  <dt />%0A%0A  --------------------------------------------------%0A  definition:%0A%0A  Name "":%0A  <dd />%0A%0A  Name "":%0A  <dd />%0A%0A  Name "":%0A  <dd%0A    class="mono"%0A  />%0A%0A  --------------------------------------------------%0A  article:%0A%0A  Name "":%0A  <article />%0A%0A  Name "":%0A  <article />%0A%0A  Name "":%0A  <article />%0A%0A  Name "":%0A  <article />%0A%0A  Name "":%0A  <article />%0A%0A  Name "":%0A  <article />%0A%0A  Name "":%0A  <article%0A    class="panel op-control-card op-control-card--wide"%0A  />%0A%0A  Name "":%0A  <article%0A    class="panel op-control-card"%0A  />%0A%0A  Name "":%0A  <article%0A    class="panel op-control-card"%0A  />%0A%0A  Name "":%0A  <article%0A    class="panel op-control-card"%0A  />%0A%0A  --------------------------------------------------%0A  checkbox:%0A%0A  Name "Jag bekräftar att jag har tillstånd att skanna angivna mål.":%0A  <input%0A    type="checkbox"%0A  />%0A%0A  Name "SammanfattningNyckeltal och övergripande slutsats.":%0A  <input%0A    checked=""%0A    type="checkbox"%0A  />%0A%0A  Name "Scope och metodOmfattning, datakällor och bedömningsmetod.":%0A  <input%0A    type="checkbox"%0A  />%0A%0A  Name "ArkitekturSenaste frysta arkitektur- och skanningskontext.":%0A  <input%0A    type="checkbox"%0A  />%0A%0A  Name "Tillgångar och tjänsterObserverade systemkomponenter och exponerade tjänster.":%0A  <input%0A    type="checkbox"%0A  />%0A%0A  Name "FyndTekniska fynd med status, CVE, CVSS och evidens.":%0A  <input%0A    type="checkbox"%0A  />%0A%0A  Name "Hotbild och ATT&CKMatchad hotinformation och MITRE ATT&CK.":%0A  <input%0A    type="checkbox"%0A  />%0A%0A  Name "RiskerPrioriterade och historiska riskbedömningar.":%0A  <input%0A    checked=""%0A    type="checkbox"%0A  />%0A%0A  Name "ScannerobservationerImporterade leverantörsobservationer och rådata.":%0A  <input%0A    type="checkbox"%0A  />%0A%0A  Name "BegränsningarOsäkerheter, antaganden och valideringsbehov.":%0A  <input%0A    checked=""%0A    type="checkbox"%0A  />%0A%0A  --------------------------------------------------%0A  tablist:%0A%0A  Name "Operativ data":%0A  <div%0A    aria-label="Operativ data"%0A    class="op-tabs"%0A    role="tablist"%0A  />%0A%0A  --------------------------------------------------%0A  tab:%0A%0A  Name "Översikt":%0A  <button%0A    aria-selected="true"%0A    class="is-active"%0A    role="tab"%0A  />%0A%0A  Name "Tillgångar0":%0A  <button%0A    aria-selected="false"%0A    class=""%0A    role="tab"%0A  />%0A%0A  Name "Omvärld1":%0A  <button%0A    aria-selected="false"%0A    class=""%0A    role="tab"%0A  />%0A%0A  Name "Hot0":%0A  <button%0A    aria-selected="false"%0A    class=""%0A    role="tab"%0A  />%0A%0A  Name "Fynd0":%0A  <button%0A    aria-selected="false"%0A    class=""%0A    role="tab"%0A  />%0A%0A  Name "Risker0":%0A  <button%0A    aria-selected="false"%0A    class=""%0A    role="tab"%0A  />%0A%0A  Name "Arkitektur":%0A  <button%0A    aria-selected="false"%0A    class=""%0A    role="tab"%0A  />%0A%0A  Name "Rapporter0":%0A  <button%0A    aria-selected="false"%0A    class=""%0A    role="tab"%0A  />%0A%0A  --------------------------------------------------%0A  complementary:%0A%0A  Name "":%0A  <aside%0A    class="op-inspector"%0A  />%0A%0A  --------------------------------------------------%0A%0AIgnored nodes: comments, script, style%0A<body>%0A  <div>%0A    <main%0A      class="op-workspace"%0A    >%0A      <header%0A        class="op-heading"%0A      >%0A        <div>%0A          <span%0A            class="eyebrow"%0A          >%0A            OPERATIV ANALYSKEDJA%0A          </span>%0A          <h1>%0A            Säkerhetsöversikt%0A          </h1>%0A          <p>%0A            Tidigare skanningar och beständig analysdata, med tydlig källstatus och osäkerhet.%0A          </p>%0A        </div>%0A        <button%0A          class="secondary-button"%0A        >%0A          <svg%0A            aria-hidden="true"%0A            fill="none"%0A            height="16"%0A            stroke="currentColor"%0A            stroke-linecap="round"%0A            stroke-linejoin="round"%0A            stroke-width="1.8"%0A            viewBox="0 0 24 24"%0A            width="16"%0A          >%0A            <path%0A              d="M4 12a8 8 0 1 0 2.3-5.7L4 8.6"%0A            />%0A            <path%0A              d="M4 4v4.6h4.6M12 8v4l3 2"%0A            />%0A          </svg>%0A           Uppdatera%0A        </button>%0A      </header>%0A      <div%0A        class="op-safety-banner"%0A        role="note"%0A      >%0A        <svg%0A          aria-hidden="true"%0A          fill="none"%0A          height="19"%0A          stroke="currentColor"%0A          stroke-linecap="round"%0A          stroke-linejoin="round"%0A          stroke-width="1.8"%0A          viewBox="0 0 24 24"%0A          width="19"%0A        >%0A          <path%0A            d="M12 3 4 7v5c0 4.7 3.3 8.2 8 9 4.7-.8 8-4.3 8-9V7l-8-4Z"%0A          />%0A          <path%0A            d="M9 12h6M12 9v6"%0A          />%0A        </svg>%0A        <div>%0A          <strong>%0A            Auktoriserad användning krävs%0A          </strong>%0A          <p>%0A            Endast system du äger eller uttryckligen får testa får skannas. En köad skanning är inte bevis på att en worker kör, och ett öppet portfynd är inte bevis på exponering eller exploaterbarhet.%0A          </p>%0A        </div>%0A      </div>%0A      <div%0A        aria-label="Aktiv behörighetskontext"%0A        class="op-principal"%0A      >%0A        <span>%0A          <svg%0A            aria-hidden="true"%0A            fill="none"%0A            height="15"%0A            stroke="currentColor"%0A            stroke-linecap="round"%0A            stroke-linejoin="round"%0A            stroke-width="1.8"%0A            viewBox="0 0 24 24"%0A            width="15"%0A          >%0A            <circle%0A              cx="12"%0A              cy="8"%0A              r="4"%0A            />%0A            <path%0A              d="M4 21c.5-4.2 3.2-6.5 8-6.5s7.5 2.3 8 6.5"%0A            />%0A          </svg>%0A        </span>%0A        <div>%0A          <strong>%0A            North-Bridge Security%0A          </strong>%0A          <small>%0A            admin, analyst%0A             ·%0A             %0A            organisationsomfattande%0A          </small>%0A        </div>%0A      </div>%0A      <section%0A        aria-label="Projekt och system"%0A        class="op-context panel"%0A      >%0A        <div%0A          class="op-context__selectors"%0A        >%0A          <label>%0A            <span>%0A              Projekt%0A            </span>%0A            <select%0A              aria-label="Valt projekt"%0A            >%0A              <option%0A                value=""%0A              >%0A                Välj projekt%0A              </option>%0A              <option%0A                value="project-1"%0A              >%0A                Betalplattform%0A              </option>%0A            </select>%0A          </label>%0A          <label>%0A            <span>%0A              System%0A            </span>%0A            <select%0A              aria-label="Valt system"%0A            >%0A              <option%0A                value=""%0A              >%0A                Välj system%0A              </option>%0A              <option%0A                value="system-1"%0A              >%0A                Payment API%0A              </option>%0A            </select>%0A          </label>%0A          <div%0A            class="op-context__state"%0A          >%0A            <span>%0A              API-data inläst%0A            </span>%0A            <small>%0A              Ingen kontinuerlig liveinsamling hävdas.%0A            </small>%0A          </div>%0A        </div>%0A        <div%0A          class="op-create-grid"%0A        >%0A          <details%0A            open=""%0A          >%0A            <summary>%0A              Nytt projekt%0A            </summary>%0A            <form>%0A              <label>%0A                <span>%0A                  Namn%0A                </span>%0A                <input%0A                  minlength="2"%0A                  required=""%0A                  value=""%0A                />%0A              </label>%0A              <label>%0A                <span>%0A ...%0A ❯ Object.getElementError node_modules/@testing-library/dom/dist/config.js:37:19%0A ❯ node_modules/@testing-library/dom/dist/query-helpers.js:76:38%0A ❯ node_modules/@testing-library/dom/dist/query-helpers.js:52:17%0A ❯ node_modules/@testing-library/dom/dist/query-helpers.js:95:19%0A ❯ src/components/OperationalWorkspace.test.tsx:1612:29%0A%0A

::error file=/home/runner/work/traceless/traceless/apps/web/src/components/OperationalWorkspace.test.tsx,title=src/components/OperationalWorkspace.test.tsx > OperationalWorkspace > creates a fresh idempotency key for each intentional report request,line=1647,column=29::TestingLibraryElementError: Unable to find an accessible element with the role "button" and name "Köa rapport"%0A%0AHere are the accessible roles:%0A%0A  main:%0A%0A  Name "":%0A  <main%0A    class="op-workspace"%0A  />%0A%0A  --------------------------------------------------%0A  banner:%0A%0A  Name "":%0A  <header%0A    class="op-heading"%0A  />%0A%0A  Name "":%0A  <header />%0A%0A  Name "":%0A  <header />%0A%0A  Name "":%0A  <header />%0A%0A  Name "":%0A  <header />%0A%0A  Name "":%0A  <header%0A    class="op-section-heading"%0A  />%0A%0A  Name "":%0A  <header%0A    class="op-section-heading"%0A  />%0A%0A  --------------------------------------------------%0A  heading:%0A%0A  Name "Säkerhetsöversikt":%0A  <h1 />%0A%0A  Name "Payment API":%0A  <h2 />%0A%0A  Name "Tidsbegränsad skanningsauktorisering":%0A  <h2 />%0A%0A  Name "Skanning eller säker import":%0A  <h2 />%0A%0A  Name "Synkronisera hot- och exploateringsdata":%0A  <h2 />%0A%0A  Name "Skapa fryst rapportunderlag":%0A  <h2 />%0A%0A  Name "Bakgrundsjobb för valt system":%0A  <h2 />%0A%0A  Name "Skanningar":%0A  <h2 />%0A%0A  Name "Slutförd":%0A  <h3 />%0A%0A  --------------------------------------------------%0A  paragraph:%0A%0A  Name "":%0A  <p />%0A%0A  Name "":%0A  <p />%0A%0A  Name "":%0A  <p />%0A%0A  Name "":%0A  <p%0A    class="op-caveat"%0A  />%0A%0A  Name "":%0A  <p%0A    class="op-caveat"%0A  />%0A%0A  Name "":%0A  <p />%0A%0A  --------------------------------------------------%0A  button:%0A%0A  Name "Uppdatera":%0A  <button%0A    class="secondary-button"%0A  />%0A%0A  Name "Skapa projekt":%0A  <button%0A    class="secondary-button"%0A  />%0A%0A  Name "Skapa system":%0A  <button%0A    class="secondary-button"%0A  />%0A%0A  Name "Skapa auktorisering":%0A  <button%0A    class="primary-button"%0A    disabled=""%0A  />%0A%0A  Name "Köa extern Nmap-worker":%0A  <button%0A    class="primary-button"%0A    disabled=""%0A  />%0A%0A  Name "Validera och importera XML":%0A  <button%0A    class="secondary-button"%0A    disabled=""%0A  />%0A%0A  Name "NetBox inventory Read-only, ogranskat källsnapshot":%0A  <button />%0A%0A  Name "NVD CVE 2.0 CPE-träff skapar endast kandidater":%0A  <button />%0A%0A  Name "CISA KEV Katalogmedlemskap, inte poäng":%0A  <button />%0A%0A  Name "FIRST EPSS Sannolikhet, inte verifierad exploatering":%0A  <button />%0A%0A  Name "Intern hotfeed Kräver serverkonfigurerad källa":%0A  <button />%0A%0A  Name "Markera alla":%0A  <button%0A    class="secondary-button"%0A    type="button"%0A  />%0A%0A  Name "Återställ profil":%0A  <button%0A    class="secondary-button"%0A    type="button"%0A  />%0A%0A  Name "Avmarkera alla":%0A  <button%0A    class="secondary-button"%0A    type="button"%0A  />%0A%0A  Name "Köa rapport (3 delar)":%0A  <button%0A    class="primary-button"%0A  />%0A%0A  Name "Importerad Nmap XML17 juli 2026 12:00 · Slutförd":%0A  <button%0A    class="is-selected"%0A  />%0A%0A  --------------------------------------------------%0A  note:%0A%0A  Name "":%0A  <div%0A    class="op-safety-banner"%0A    role="note"%0A  />%0A%0A  --------------------------------------------------%0A  strong:%0A%0A  Name "":%0A  <strong />%0A%0A  Name "":%0A  <strong />%0A%0A  Name "":%0A  <strong />%0A%0A  Name "":%0A  <strong />%0A%0A  Name "":%0A  <strong />%0A%0A  Name "":%0A  <strong />%0A%0A  Name "":%0A  <strong />%0A%0A  Name "":%0A  <strong />%0A%0A  Name "":%0A  <strong />%0A%0A  Name "":%0A  <strong />%0A%0A  Name "":%0A  <strong />%0A%0A  Name "":%0A  <strong />%0A%0A  Name "":%0A  <strong />%0A%0A  Name "":%0A  <strong />%0A%0A  Name "":%0A  <strong />%0A%0A  Name "":%0A  <strong />%0A%0A  Name "":%0A  <strong />%0A%0A  Name "":%0A  <strong />%0A%0A  Name "":%0A  <strong />%0A%0A  Name "":%0A  <strong />%0A%0A  Name "":%0A  <strong />%0A%0A  Name "":%0A  <strong />%0A%0A  Name "":%0A  <strong />%0A%0A  Name "":%0A  <strong />%0A%0A  Name "":%0A  <strong />%0A%0A  --------------------------------------------------%0A  region:%0A%0A  Name "Projekt och system":%0A  <section%0A    aria-label="Projekt och system"%0A    class="op-context panel"%0A  />%0A%0A  Name "Operativ sammanfattning":%0A  <section%0A    aria-label="Operativ sammanfattning"%0A    class="op-metrics"%0A  />%0A%0A  Name "Analyskedja":%0A  <section%0A    aria-label="Analyskedja"%0A    class="op-pipeline panel"%0A  />%0A%0A  Name "Bakgrundsjobb":%0A  <section%0A    aria-label="Bakgrundsjobb"%0A    class="panel op-import-history"%0A  />%0A%0A  --------------------------------------------------%0A  combobox:%0A%0A  Name "Valt projekt":%0A  <select%0A    aria-label="Valt projekt"%0A  />%0A%0A  Name "Valt system":%0A  <select%0A    aria-label="Valt system"%0A  />%0A%0A  Name "Kritikalitet":%0A  <select />%0A%0A  Name "Fast profil":%0A  <select />%0A%0A  Name "Rapporttyp":%0A  <select />%0A%0A  Name "Format":%0A  <select />%0A%0A  --------------------------------------------------%0A  option:%0A%0A  Name "Välj projekt":%0A  <option%0A    value=""%0A  />%0A%0A  Name "Betalplattform":%0A  <option%0A    value="project-1"%0A  />%0A%0A  Name "Välj system":%0A  <option%0A    value=""%0A  />%0A%0A  Name "Payment API":%0A  <option%0A    value="system-1"%0A  />%0A%0A  Name "Låg":%0A  <option%0A    value="low"%0A  />%0A%0A  Name "Medel":%0A  <option%0A    value="medium"%0A  />%0A%0A  Name "Hög":%0A  <option%0A    value="high"%0A  />%0A%0A  Name "Kritisk":%0A  <option%0A    value="critical"%0A  />%0A%0A  Name "Discovery":%0A  <option%0A    value="discovery"%0A  />%0A%0A  Name "Service inventory":%0A  <option%0A    value="service_inventory"%0A  />%0A%0A  Name "Ledning":%0A  <option%0A    value="management"%0A  />%0A%0A  Name "Teknisk":%0A  <option%0A    value="technical"%0A  />%0A%0A  Name "Riskregister":%0A  <option%0A    value="risk_register"%0A  />%0A%0A  Name "PDF":%0A  <option%0A    value="pdf"%0A  />%0A%0A  Name "JSON":%0A  <option%0A    value="json"%0A  />%0A%0A  Name "CSV":%0A  <option%0A    value="csv"%0A  />%0A%0A  --------------------------------------------------%0A  group:%0A%0A  Name "":%0A  <details%0A    open=""%0A  />%0A%0A  Name "":%0A  <details%0A    open=""%0A  />%0A%0A  Name "Välj vad som ska ingå":%0A  <fieldset%0A    class="op-report-builder"%0A  />%0A%0A  --------------------------------------------------%0A  textbox:%0A%0A  Name "Namn":%0A  <input%0A    minlength="2"%0A    required=""%0A    value=""%0A  />%0A%0A  Name "Beskrivning":%0A  <input%0A    value=""%0A  />%0A%0A  Name "Namn":%0A  <input%0A    minlength="2"%0A    required=""%0A    value=""%0A  />%0A%0A  Name "Ägare":%0A  <input%0A    minlength="2"%0A    required=""%0A    value=""%0A  />%0A%0A  Name "Beskrivning":%0A  <input%0A    value=""%0A  />%0A%0A  Name "IP eller CIDR, en per rad":%0A  <textarea%0A    placeholder="Ange ett uttryckligen godkänt mål"%0A    required=""%0A  />%0A%0A  Name "Godkänd av":%0A  <input%0A    minlength="2"%0A    required=""%0A    value=""%0A  />%0A%0A  Name "Syfte":%0A  <textarea%0A    minlength="10"%0A    required=""%0A  />%0A%0A  --------------------------------------------------%0A  term:%0A%0A  Name "":%0A  <dt />%0A%0A  Name "":%0A  <dt />%0A%0A  Name "":%0A  <dt />%0A%0A  Name "":%0A  <dt />%0A%0A  Name "":%0A  <dt />%0A%0A  Name "":%0A  <dt />%0A%0A  Name "":%0A  <dt />%0A%0A  --------------------------------------------------%0A  definition:%0A%0A  Name "":%0A  <dd />%0A%0A  Name "":%0A  <dd />%0A%0A  Name "":%0A  <dd%0A    class="mono"%0A  />%0A%0A  Name "":%0A  <dd />%0A%0A  Name "":%0A  <dd />%0A%0A  Name "":%0A  <dd />%0A%0A  Name "":%0A  <dd />%0A%0A  --------------------------------------------------%0A  article:%0A%0A  Name "":%0A  <article />%0A%0A  Name "":%0A  <article />%0A%0A  Name "":%0A  <article />%0A%0A  Name "":%0A  <article />%0A%0A  Name "":%0A  <article />%0A%0A  Name "":%0A  <article />%0A%0A  Name "":%0A  <article%0A    class="panel op-control-card op-control-card--wide"%0A  />%0A%0A  Name "":%0A  <article%0A    class="panel op-control-card"%0A  />%0A%0A  Name "":%0A  <article%0A    class="panel op-control-card"%0A  />%0A%0A  Name "":%0A  <article%0A    class="panel op-control-card"%0A  />%0A%0A  --------------------------------------------------%0A  checkbox:%0A%0A  Name "Jag bekräftar att jag har tillstånd att skanna angivna mål.":%0A  <input%0A    type="checkbox"%0A  />%0A%0A  Name "SammanfattningNyckeltal och övergripande slutsats.":%0A  <input%0A    checked=""%0A    type="checkbox"%0A  />%0A%0A  Name "Scope och metodOmfattning, datakällor och bedömningsmetod.":%0A  <input%0A    type="checkbox"%0A  />%0A%0A  Name "ArkitekturSenaste frysta arkitektur- och skanningskontext.":%0A  <input%0A    type="checkbox"%0A  />%0A%0A  Name "Tillgångar och tjänsterObserverade systemkomponenter och exponerade tjänster.":%0A  <input%0A    type="checkbox"%0A  />%0A%0A  Name "FyndTekniska fynd med status, CVE, CVSS och evidens.":%0A  <input%0A    type="checkbox"%0A  />%0A%0A  Name "Hotbild och ATT&CKMatchad hotinformation och MITRE ATT&CK.":%0A  <input%0A    type="checkbox"%0A  />%0A%0A  Name "RiskerPrioriterade och historiska riskbedömningar.":%0A  <input%0A    checked=""%0A    type="checkbox"%0A  />%0A%0A  Name "ScannerobservationerImporterade leverantörsobservationer och rådata.":%0A  <input%0A    type="checkbox"%0A  />%0A%0A  Name "BegränsningarOsäkerheter, antaganden och valideringsbehov.":%0A  <input%0A    checked=""%0A    type="checkbox"%0A  />%0A%0A  --------------------------------------------------%0A  tablist:%0A%0A  Name "Operativ data":%0A  <div%0A    aria-label="Operativ data"%0A    class="op-tabs"%0A    role="tablist"%0A  />%0A%0A  --------------------------------------------------%0A  tab:%0A%0A  Name "Översikt":%0A  <button%0A    aria-selected="true"%0A    class="is-active"%0A    role="tab"%0A  />%0A%0A  Name "Tillgångar1":%0A  <button%0A    aria-selected="false"%0A    class=""%0A    role="tab"%0A  />%0A%0A  Name "Omvärld1":%0A  <button%0A    aria-selected="false"%0A    class=""%0A    role="tab"%0A  />%0A%0A  Name "Hot1":%0A  <button%0A    aria-selected="false"%0A    class=""%0A    role="tab"%0A  />%0A%0A  Name "Fynd1":%0A  <button%0A    aria-selected="false"%0A    class=""%0A    role="tab"%0A  />%0A%0A  Name "Risker1":%0A  <button%0A    aria-selected="false"%0A    class=""%0A    role="tab"%0A  />%0A%0A  Name "Arkitektur":%0A  <button%0A    aria-selected="false"%0A    class=""%0A    role="tab"%0A  />%0A%0A  Name "Rapporter0":%0A  <button%0A    aria-selected="false"%0A    class=""%0A    role="tab"%0A  />%0A%0A  --------------------------------------------------%0A  complementary:%0A%0A  Name "":%0A  <aside%0A    class="op-inspector"%0A  />%0A%0A  --------------------------------------------------%0A%0AIgnored nodes: comments, script, style%0A<body>%0A  <div>%0A    <main%0A      class="op-workspace"%0A    >%0A      <header%0A        class="op-heading"%0A      >%0A        <div>%0A          <span%0A            class="eyebrow"%0A          >%0A            OPERATIV ANALYSKEDJA%0A          </span>%0A          <h1>%0A            Säkerhetsöversikt%0A          </h1>%0A          <p>%0A            Tidigare skanningar och beständig analysdata, med tydlig källstatus och osäkerhet.%0A          </p>%0A        </div>%0A        <button%0A          class="secondary-button"%0A        >%0A          <svg%0A            aria-hidden="true"%0A            fill="none"%0A            height="16"%0A            stroke="currentColor"%0A            stroke-linecap="round"%0A            stroke-linejoin="round"%0A            stroke-width="1.8"%0A            viewBox="0 0 24 24"%0A            width="16"%0A          >%0A            <path%0A              d="M4 12a8 8 0 1 0 2.3-5.7L4 8.6"%0A            />%0A            <path%0A              d="M4 4v4.6h4.6M12 8v4l3 2"%0A            />%0A          </svg>%0A           Uppdatera%0A        </button>%0A      </header>%0A      <div%0A        class="op-safety-banner"%0A        role="note"%0A      >%0A        <svg%0A          aria-hidden="true"%0A          fill="none"%0A          height="19"%0A          stroke="currentColor"%0A          stroke-linecap="round"%0A          stroke-linejoin="round"%0A          stroke-width="1.8"%0A          viewBox="0 0 24 24"%0A          width="19"%0A        >%0A          <path%0A            d="M12 3 4 7v5c0 4.7 3.3 8.2 8 9 4.7-.8 8-4.3 8-9V7l-8-4Z"%0A          />%0A          <path%0A            d="M9 12h6M12 9v6"%0A          />%0A        </svg>%0A        <div>%0A          <strong>%0A            Auktoriserad användning krävs%0A          </strong>%0A          <p>%0A            Endast system du äger eller uttryckligen får testa får skannas. En köad skanning är inte bevis på att en worker kör, och ett öppet portfynd är inte bevis på exponering eller exploaterbarhet.%0A          </p>%0A        </div>%0A      </div>%0A      <div%0A        aria-label="Aktiv behörighetskontext"%0A        class="op-principal"%0A      >%0A        <span>%0A          <svg%0A            aria-hidden="true"%0A            fill="none"%0A            height="15"%0A            stroke="currentColor"%0A            stroke-linecap="round"%0A            stroke-linejoin="round"%0A            stroke-width="1.8"%0A            viewBox="0 0 24 24"%0A            width="15"%0A          >%0A            <circle%0A              cx="12"%0A              cy="8"%0A              r="4"%0A            />%0A            <path%0A              d="M4 21c.5-4.2 3.2-6.5 8-6.5s7.5 2.3 8 6.5"%0A            />%0A          </svg>%0A        </span>%0A        <div>%0A          <strong>%0A            North-Bridge Security%0A          </strong>%0A          <small>%0A            admin, analyst%0A             ·%0A             %0A            organisationsomfattande%0A          </small>%0A        </div>%0A      </div>%0A      <section%0A        aria-label="Projekt och system"%0A        class="op-context panel"%0A      >%0A        <div%0A          class="op-context__selectors"%0A        >%0A          <label>%0A            <span>%0A              Projekt%0A            </span>%0A            <select%0A              aria-label="Valt projekt"%0A            >%0A              <option%0A                value=""%0A              >%0A                Välj projekt%0A              </option>%0A              <option%0A                value="project-1"%0A              >%0A                Betalplattform%0A              </option>%0A            </select>%0A          </label>%0A          <label>%0A            <span>%0A              System%0A            </span>%0A            <select%0A              aria-label="Valt system"%0A            >%0A              <option%0A                value=""%0A              >%0A                Välj system%0A              </option>%0A              <option%0A                value="system-1"%0A              >%0A                Payment API%0A              </option>%0A            </select>%0A          </label>%0A          <div%0A            class="op-context__state"%0A          >%0A            <span>%0A              API-data inläst%0A            </span>%0A            <small>%0A              Ingen kontinuerlig liveinsamling hävdas.%0A            </small>%0A          </div>%0A        </div>%0A        <div%0A          class="op-create-grid"%0A        >%0A          <details%0A            open=""%0A          >%0A            <summary>%0A              Nytt projekt%0A            </summary>%0A            <form>%0A              <label>%0A                <span>%0A                  Namn%0A                </span>%0A                <input%0A                  minlength="2"%0A                  required=""%0A                  value=""%0A                />%0A              </label>%0A              <label>%0A                <span>%0A ...%0A ❯ Object.getElementError node_modules/@testing-library/dom/dist/config.js:37:19%0A ❯ node_modules/@testing-library/dom/dist/query-helpers.js:76:38%0A ❯ node_modules/@testing-library/dom/dist/query-helpers.js:52:17%0A ❯ node_modules/@testing-library/dom/dist/query-helpers.js:95:19%0A ❯ src/components/OperationalWorkspace.test.tsx:1647:29%0A%0A
